StationCode,StationName,Latitude,Longitude,prediction_date,exc_probability,prediction,estimated_mpn,mpn_label,regression_mpn,regression_label,top_factor_1,top_factor_2,top_factor_3,shap_direction,shap_direction_2,shap_direction_3,last_result,last_exc,exc_rolling3,days_since_sample,lograin1,tide_sample,exceedance_rate_pct,fib_capped,precip,rain_3d,month,insight
DHS110,"DHS110-Dockweiler State Beach, Los Angeles",33.9406,-118.442,2026-08-30,0.1782,Safe,5,<10 MPN/100mL,,,High tide level,2-day cumulative rainfall,Rainfall today,decreasing risk,decreasing risk,decreasing risk,5.0,0,0.0,6,0.0,1.612,5.2,False,0.0,0.0,8,"There's been no measurable rain lately, so there's no runoff driving contamination, and strong summer sunlight is helping disinfect the water. The model's main signals right now: high tide level is lowering risk — a high tide can mobilize bacteria held in wet sand and push the waterline toward outfalls; the lack of recent rain is keeping runoff-driven contamination low; and the lack of recent rain is keeping runoff-driven contamination low. The most recent sample, 6 days ago, was excellent at 5 MPN/100mL."
DHS111,"DHS111-Dockweiler State Beach, Los Angeles",33.9233,-118.433,2026-08-30,0.1245,Safe,5,<10 MPN/100mL,,,High tide level,2-day cumulative rainfall,Solar radiation (1 day ago),decreasing risk,decreasing risk,decreasing risk,10.0,0,0.0,6,0.0,1.612,3.4,False,0.0,0.0,8,"There's been no measurable rain lately, so there's no runoff driving contamination, and strong summer sunlight is helping disinfect the water. The model's main signals right now: high tide level is lowering risk — a high tide can mobilize bacteria held in wet sand and push the waterline toward outfalls; the lack of recent rain is keeping runoff-driven contamination low; and strong sunlight is lowering risk by inactivating bacteria with UV. The most recent sample, 6 days ago, was excellent at 10 MPN/100mL. It's a naturally clean, well-flushed open-coast beach (unsafe only ~3% of the time), so outside of storms it's reliably safe."
DHS112,"DHS112-Dockweiler State Beach, Los Angeles",33.9159,-118.429,2026-08-30,0.1245,Safe,5,<10 MPN/100mL,,,High tide level,2-day cumulative rainfall,Solar radiation (1 day ago),decreasing risk,decreasing risk,decreasing risk,31.0,0,0.0,6,0.0,1.612,5.3,False,0.0,0.0,8,"There's been no measurable rain lately, so there's no runoff driving contamination, and strong summer sunlight is helping disinfect the water. The model's main signals right now: high tide level is lowering risk — a high tide can mobilize bacteria held in wet sand and push the waterline toward outfalls; the lack of recent rain is keeping runoff-driven contamination low; and strong sunlight is lowering risk by inactivating bacteria with UV. The most recent sample, 6 days ago, was excellent at 31 MPN/100mL."
DHS112B,"DHS112B-Dockweiler State Beach, Los Angeles",33.9153,-118.43,2026-08-30,0.1245,Safe,5,<10 MPN/100mL,,,High tide level,2-day cumulative rainfall,Solar radiation (1 day ago),decreasing risk,decreasing risk,decreasing risk,41.0,0,0.0,6,0.0,1.612,3.5,False,0.0,0.0,8,"There's been no measurable rain lately, so there's no runoff driving contamination, and strong summer sunlight is helping disinfect the water. The model's main signals right now: high tide level is lowering risk — a high tide can mobilize bacteria held in wet sand and push the waterline toward outfalls; the lack of recent rain is keeping runoff-driven contamination low; and strong sunlight is lowering risk by inactivating bacteria with UV. The most recent sample, 6 days ago, was clean at 41 MPN/100mL. It's a naturally clean, well-flushed open-coast beach (unsafe only ~4% of the time), so outside of storms it's reliably safe."
DHS113,"DHS113-Manhattan Beach, Los Angeles",33.8945,-118.418,2026-08-30,0.1652,Safe,5,<10 MPN/100mL,,,High tide level,2-day cumulative rainfall,Rainfall today,decreasing risk,decreasing risk,decreasing risk,5.0,0,0.0,4,0.0,1.612,9.3,False,0.0,0.0,8,"There's been no measurable rain lately, so there's no runoff driving contamination, and strong summer sunlight is helping disinfect the water. The model's main signals right now: high tide level is lowering risk — a high tide can mobilize bacteria held in wet sand and push the waterline toward outfalls; the lack of recent rain is keeping runoff-driven contamination low; and the lack of recent rain is keeping runoff-driven contamination low. The most recent sample, 4 days ago, was excellent at 5 MPN/100mL."
DHS114,"DHS114-Hermosa Beach, Los Angeles",33.8715,-118.407,2026-08-30,0.1659,Safe,5,<10 MPN/100mL,,,High tide level,2-day cumulative rainfall,Rainfall today,decreasing risk,decreasing risk,decreasing risk,10.0,0,0.0,6,0.0,1.617,2.8,False,0.0,0.0,8,"There's been no measurable rain lately, so there's no runoff driving contamination, and strong summer sunlight is helping disinfect the water. The model's main signals right now: high tide level is lowering risk — a high tide can mobilize bacteria held in wet sand and push the waterline toward outfalls; the lack of recent rain is keeping runoff-driven contamination low; and the lack of recent rain is keeping runoff-driven contamination low. The most recent sample, 6 days ago, was excellent at 10 MPN/100mL. It's a naturally clean, well-flushed open-coast beach (unsafe only ~3% of the time), so outside of storms it's reliably safe."
DHS115,"DHS115-Hermosa Beach, Los Angeles",33.8522,-118.399,2026-08-30,0.4162,Safe,10,10 MPN/100mL,,,High tide level,Rainfall today,2-day cumulative rainfall,decreasing risk,decreasing risk,decreasing risk,5.0,0,0.0,4,0.0,1.617,9.0,False,0.0,0.0,8,"There's been no measurable rain lately, so there's no runoff driving contamination, and strong summer sunlight is helping disinfect the water. The model's main signals right now: high tide level is lowering risk — a high tide can mobilize bacteria held in wet sand and push the waterline toward outfalls; the lack of recent rain is keeping runoff-driven contamination low; and the lack of recent rain is keeping runoff-driven contamination low. The most recent sample, 4 days ago, was excellent at 5 MPN/100mL."
DHS116,"DHS116-Redondo Beach, Los Angeles",33.8321,-118.391,2026-08-30,0.166,Safe,5,<10 MPN/100mL,,,High tide level,2-day cumulative rainfall,Rainfall today,decreasing risk,decreasing risk,decreasing risk,20.0,0,0.0,6,0.0,1.617,6.1,False,0.0,0.0,8,"There's been no measurable rain lately, so there's no runoff driving contamination, and strong summer sunlight is helping disinfect the water. The model's main signals right now: high tide level is lowering risk — a high tide can mobilize bacteria held in wet sand and push the waterline toward outfalls; the lack of recent rain is keeping runoff-driven contamination low; and the lack of recent rain is keeping runoff-driven contamination low. The most recent sample, 6 days ago, was excellent at 20 MPN/100mL."
SMB-2-10,SMB-2-10,33.95702,-118.45196,2026-08-30,0.1349,Safe,5,<10 MPN/100mL,,,High tide level,2-day cumulative rainfall,Solar radiation (1 day ago),decreasing risk,decreasing risk,decreasing risk,31.0,0,0.0,5,0.0,1.612,7.3,False,0.0,0.0,8,"There's been no measurable rain lately, so there's no runoff driving contamination, and strong summer sunlight is helping disinfect the water. The model's main signals right now: high tide level is lowering risk — a high tide can mobilize bacteria held in wet sand and push the waterline toward outfalls; the lack of recent rain is keeping runoff-driven contamination low; and strong sunlight is lowering risk by inactivating bacteria with UV. The most recent sample, 5 days ago, was excellent at 31 MPN/100mL."
SMB-2-11,SMB-2-11,33.9444,-118.4442,2026-08-30,0.1316,Safe,5,<10 MPN/100mL,,,High tide level,2-day cumulative rainfall,Solar radiation (1 day ago),decreasing risk,decreasing risk,decreasing risk,20.0,0,0.0,5,0.0,1.612,6.6,False,0.0,0.0,8,"There's been no measurable rain lately, so there's no runoff driving contamination, and strong summer sunlight is helping disinfect the water. The model's main signals right now: high tide level is lowering risk — a high tide can mobilize bacteria held in wet sand and push the waterline toward outfalls; the lack of recent rain is keeping runoff-driven contamination low; and strong sunlight is lowering risk by inactivating bacteria with UV. The most recent sample, 5 days ago, was excellent at 20 MPN/100mL."
SMB-2-13,SMB-2-13,33.93071,-118.43711,2026-08-30,0.196,Safe,5,<10 MPN/100mL,,,High tide level,2-day cumulative rainfall,Solar radiation (1 day ago),decreasing risk,decreasing risk,decreasing risk,20.0,0,0.0,5,0.0,1.612,6.9,False,0.0,0.0,8,"There's been no measurable rain lately, so there's no runoff driving contamination, and strong summer sunlight is helping disinfect the water. The model's main signals right now: high tide level is lowering risk — a high tide can mobilize bacteria held in wet sand and push the waterline toward outfalls; the lack of recent rain is keeping runoff-driven contamination low; and strong sunlight is lowering risk by inactivating bacteria with UV. The most recent sample, 5 days ago, was excellent at 20 MPN/100mL."
