StationCode,StationName,Latitude,Longitude,day1_date,day1_probability,day1_prediction,day1_mpn,day1_mpn_label,day1_top_factor_1,day1_shap_direction_1,day1_top_factor_2,day1_shap_direction_2,day1_top_factor_3,day1_shap_direction_3,day1_top_factor_4,day1_shap_direction_4,day1_top_factor_5,day1_shap_direction_5,day1_top_factor_6,day1_shap_direction_6,day1_top_factor_7,day1_shap_direction_7,day1_top_factor_8,day1_shap_direction_8,day1_top_factor_9,day1_shap_direction_9,day1_top_factor_10,day1_shap_direction_10,day1_top_factor_11,day1_shap_direction_11,day1_top_factor_12,day1_shap_direction_12,day1_top_factor_13,day1_shap_direction_13,day1_top_factor_14,day1_shap_direction_14,day1_top_factor_15,day1_shap_direction_15,day1_rain_today_mm,day1_rain_prior3d_mm,day1_wind_kph,day1_air_temp_c,day1_solar_mj,day1_water_temp_c,day1_wave_height_m,day1_tide_range_m,day1_spring_tide,day1_river_flow,day1_cso_dist_km,day2_date,day2_probability,day2_prediction,day2_mpn,day2_mpn_label,day2_top_factor_1,day2_shap_direction_1,day2_top_factor_2,day2_shap_direction_2,day2_top_factor_3,day2_shap_direction_3,day2_top_factor_4,day2_shap_direction_4,day2_top_factor_5,day2_shap_direction_5,day2_top_factor_6,day2_shap_direction_6,day2_top_factor_7,day2_shap_direction_7,day2_top_factor_8,day2_shap_direction_8,day2_top_factor_9,day2_shap_direction_9,day2_top_factor_10,day2_shap_direction_10,day2_top_factor_11,day2_shap_direction_11,day2_top_factor_12,day2_shap_direction_12,day2_top_factor_13,day2_shap_direction_13,day2_top_factor_14,day2_shap_direction_14,day2_top_factor_15,day2_shap_direction_15,day2_rain_today_mm,day2_rain_prior3d_mm,day2_wind_kph,day2_air_temp_c,day2_solar_mj,day2_water_temp_c,day2_wave_height_m,day2_tide_range_m,day2_spring_tide,day2_river_flow,day2_cso_dist_km,day3_date,day3_probability,day3_prediction,day3_mpn,day3_mpn_label,day3_top_factor_1,day3_shap_direction_1,day3_top_factor_2,day3_shap_direction_2,day3_top_factor_3,day3_shap_direction_3,day3_top_factor_4,day3_shap_direction_4,day3_top_factor_5,day3_shap_direction_5,day3_top_factor_6,day3_shap_direction_6,day3_top_factor_7,day3_shap_direction_7,day3_top_factor_8,day3_shap_direction_8,day3_top_factor_9,day3_shap_direction_9,day3_top_factor_10,day3_shap_direction_10,day3_top_factor_11,day3_shap_direction_11,day3_top_factor_12,day3_shap_direction_12,day3_top_factor_13,day3_shap_direction_13,day3_top_factor_14,day3_shap_direction_14,day3_top_factor_15,day3_shap_direction_15,day3_rain_today_mm,day3_rain_prior3d_mm,day3_wind_kph,day3_air_temp_c,day3_solar_mj,day3_water_temp_c,day3_wave_height_m,day3_tide_range_m,day3_spring_tide,day3_river_flow,day3_cso_dist_km
0,"0-Huntington State Beach, Orange",33.6293,-117.96,2026-10-06,0.2366,Safe,8,<10 MPN/100mL,Onshore wave energy (2 days ago),increasing risk,High tide timing,decreasing risk,River discharge,decreasing risk,Water temperature (5 days ago),increasing risk,Rain and high tide combination,decreasing risk,Air temperature (2 days ago),increasing risk,Overnight low temperature,increasing risk,Rainfall today,decreasing risk,Wave height,decreasing risk,Mean wave direction,increasing risk,Onshore wind (1 day ago),increasing risk,Air temperature (1 day ago),increasing risk,Solar radiation (5 days ago),increasing risk,Onshore wave energy today,increasing risk,Water temperature,increasing risk,0.0,0.0,15.0,31.3,19.7,23.3,0.57,1.75,0.0,low,,2026-10-07,0.2585,Safe,9,<10 MPN/100mL,Onshore wave energy (2 days ago),increasing risk,Rain and high tide combination,decreasing risk,River discharge,decreasing risk,Water temperature,increasing risk,High tide timing,decreasing risk,Air temperature (1 day ago),increasing risk,Wave period (3 days ago),increasing risk,Daytime high temperature,increasing risk,Solar radiation (5 days ago),decreasing risk,Alongshore wind (2 days ago),increasing risk,Wave height (2 days ago),increasing risk,Onshore wave energy today,increasing risk,Water temperature (5 days ago),increasing risk,Air temperature (3 days ago),increasing risk,Water temperature (2 days ago),increasing risk,0.0,0.0,18.0,26.6,19.9,23.3,0.57,1.73,0.0,low,,2026-10-08,0.1536,Safe,5,<10 MPN/100mL,Onshore wave energy (2 days ago),increasing risk,River discharge,decreasing risk,Rain and high tide combination,decreasing risk,High tide timing,increasing risk,Air temperature (5 days ago),decreasing risk,Air temperature (4 days ago),increasing risk,Onshore wind (3 days ago),decreasing risk,Alongshore wind today,decreasing risk,Wave height (2 days ago),increasing risk,Mean wave direction,increasing risk,Average wave period (3 days ago),decreasing risk,Wind direction,decreasing risk,Water temperature (2 days ago),increasing risk,Wave period (3 days ago),increasing risk,Daytime high temperature,increasing risk,0.0,0.0,19.0,26.5,19.8,23.3,0.57,1.66,1.0,low,
13000,"13000-Surfers Point at Seaside, Ventura",34.273,-119.305,2026-10-06,0.169,Safe,5,<10 MPN/100mL,Onshore wave energy (2 days ago),increasing risk,High tide timing,decreasing risk,Rain and high tide combination,decreasing risk,Air temperature (2 days ago),increasing risk,Water temperature (5 days ago),increasing risk,Mean wave direction,increasing risk,River discharge,decreasing risk,Water temperature (2 days ago),increasing risk,Onshore wave energy today,increasing risk,Rainfall today,decreasing risk,Wave height (2 days ago),increasing risk,Air temperature (1 day ago),increasing risk,Alongshore wind (3 days ago),increasing risk,Wind direction,decreasing risk,Alongshore wind today,decreasing risk,0.0,0.0,20.0,27.2,19.4,23.3,0.66,1.74,0.0,moderate,,2026-10-07,0.1933,Safe,5,<10 MPN/100mL,Onshore wave energy (2 days ago),increasing risk,Rain and high tide combination,decreasing risk,Daytime high temperature,increasing risk,Air temperature,increasing risk,Water temperature,increasing risk,High tide timing,decreasing risk,River discharge,decreasing risk,Wave height (2 days ago),increasing risk,Wave height,decreasing risk,Water temperature (5 days ago),increasing risk,Onshore wave energy today,increasing risk,Alongshore wind (2 days ago),increasing risk,High tide level,decreasing risk,Tidal range,decreasing risk,Low tide level,decreasing risk,0.0,0.0,13.0,31.1,19.9,23.3,0.66,1.68,0.0,moderate,,2026-10-08,0.1759,Safe,5,<10 MPN/100mL,Onshore wave energy (2 days ago),increasing risk,High tide timing,increasing risk,Daytime high temperature,increasing risk,Rain and high tide combination,decreasing risk,Air temperature (4 days ago),increasing risk,Mean wave direction,increasing risk,Air temperature (5 days ago),decreasing risk,Alongshore wind (2 days ago),increasing risk,Wind gusts,increasing risk,River discharge,decreasing risk,Alongshore wind (3 days ago),increasing risk,Wave height (2 days ago),increasing risk,Wind direction,decreasing risk,Wave height,decreasing risk,Air temperature (3 days ago),increasing risk,0.0,0.0,12.0,31.2,19.6,23.3,0.66,1.6,1.0,moderate,
BNB05,"BNB05-Newport Bay, Orange",33.613,-117.908,2026-10-06,0.2219,Safe,5,<10 MPN/100mL,Onshore wave energy (2 days ago),increasing risk,High tide timing,decreasing risk,River discharge,decreasing risk,Overnight low temperature,increasing risk,Air temperature (2 days ago),increasing risk,Water temperature (5 days ago),increasing risk,Rain and high tide combination,decreasing risk,Rainfall today,decreasing risk,Air temperature (1 day ago),increasing risk,Onshore wave energy today,increasing risk,Mean wave direction,increasing risk,Wave height,decreasing risk,Water temperature,increasing risk,Wave height (2 days ago),increasing risk,Onshore wind (1 day ago),increasing risk,0.0,0.0,15.0,32.7,19.7,23.3,0.57,1.75,0.0,low,,2026-10-07,0.2611,Safe,9,<10 MPN/100mL,Onshore wave energy (2 days ago),increasing risk,Rain and high tide combination,decreasing risk,River discharge,decreasing risk,Daytime high temperature,increasing risk,High tide timing,decreasing risk,Air temperature,increasing risk,Water temperature,increasing risk,Wave period (3 days ago),increasing risk,Onshore wave energy today,increasing risk,Wave height (2 days ago),increasing risk,Air temperature (1 day ago),increasing risk,Solar radiation (5 days ago),decreasing risk,Air temperature (4 days ago),increasing risk,Air temperature (3 days ago),increasing risk,Water temperature (5 days ago),increasing risk,0.0,0.0,14.0,32.7,20.0,23.3,0.57,1.73,0.0,low,,2026-10-08,0.1447,Safe,5,<10 MPN/100mL,Onshore wave energy (2 days ago),increasing risk,Daytime high temperature,increasing risk,River discharge,decreasing risk,Rain and high tide combination,decreasing risk,High tide timing,increasing risk,Air temperature (5 days ago),decreasing risk,Air temperature (4 days ago),increasing risk,Onshore wind (3 days ago),decreasing risk,Wave height (2 days ago),increasing risk,Alongshore wind today,decreasing risk,Mean wave direction,increasing risk,Average wave period (3 days ago),decreasing risk,Wind direction,decreasing risk,Water temperature,increasing risk,Wave period (3 days ago),increasing risk,0.0,0.0,16.0,31.9,19.8,23.3,0.57,1.66,1.0,low,
CSD_S8,City of San Diego Station S8,32.6368,-117.144,2026-10-06,0.297,Safe,10,10 MPN/100mL,Onshore wave energy (2 days ago),increasing risk,High tide timing,decreasing risk,Overnight low temperature,increasing risk,Water temperature (5 days ago),increasing risk,River discharge,decreasing risk,Onshore wave energy today,increasing risk,Rain and high tide combination,decreasing risk,Air temperature (1 day ago),increasing risk,Mean wave direction,increasing risk,Rainfall today,decreasing risk,Air temperature (2 days ago),increasing risk,High tide level,increasing risk,Solar radiation (6 days ago),increasing risk,Water temperature,increasing risk,Air temperature (4 days ago),increasing risk,0.0,0.0,19.0,36.4,20.0,23.6,0.72,1.85,0.0,low,,2026-10-07,0.281,Safe,10,10 MPN/100mL,Onshore wave energy (2 days ago),increasing risk,Rain and high tide combination,decreasing risk,River discharge,decreasing risk,High tide timing,decreasing risk,Daytime high temperature,increasing risk,Water temperature,increasing risk,Air temperature,increasing risk,Air temperature (5 days ago),increasing risk,Alongshore wind (2 days ago),increasing risk,High tide level,increasing risk,Water temperature (5 days ago),increasing risk,Onshore wave energy today,increasing risk,Wave height,decreasing risk,Air temperature (1 day ago),increasing risk,Average wave period,increasing risk,0.0,0.0,14.0,32.3,20.5,23.6,0.72,1.85,0.0,low,,2026-10-08,0.2232,Safe,5,<10 MPN/100mL,Onshore wave energy (2 days ago),increasing risk,Daytime high temperature,increasing risk,High tide timing,increasing risk,Rain and high tide combination,decreasing risk,River discharge,decreasing risk,Air temperature (4 days ago),increasing risk,High tide level,increasing risk,Air temperature (5 days ago),decreasing risk,Mean wave direction,increasing risk,Alongshore wind (3 days ago),increasing risk,Onshore wind today,decreasing risk,Alongshore wind (2 days ago),increasing risk,Air temperature (1 day ago),decreasing risk,Water temperature (2 days ago),increasing risk,Average wave period,increasing risk,0.0,0.0,16.0,31.8,20.2,23.6,0.72,1.8,1.0,low,
DHS103,"DHS103-Will Rogers State Beach, Los Angeles",34.0348,-118.536,2026-10-06,0.1651,Safe,5,<10 MPN/100mL,High tide timing,decreasing risk,Onshore wave energy (2 days ago),increasing risk,River discharge,decreasing risk,Rain and high tide combination,decreasing risk,Solar radiation (5 days ago),increasing risk,Rainfall today,decreasing risk,Air temperature (1 day ago),increasing risk,Air temperature (2 days ago),increasing risk,Wave height (2 days ago),increasing risk,Alongshore wind (2 days ago),increasing risk,Tide level at sample time,decreasing risk,Wave height,decreasing risk,Alongshore wind (1 day ago),increasing risk,Water temperature,increasing risk,Water temperature (5 days ago),increasing risk,0.0,0.0,15.0,32.4,19.6,23.3,0.66,1.76,0.0,low,,2026-10-07,0.2142,Safe,5,<10 MPN/100mL,Onshore wave energy (2 days ago),increasing risk,High tide timing,decreasing risk,Rain and high tide combination,decreasing risk,River discharge,decreasing risk,Daytime high temperature,increasing risk,Alongshore wind (2 days ago),increasing risk,Wave height,decreasing risk,Alongshore wind today,increasing risk,Water temperature,increasing risk,Wave height (2 days ago),increasing risk,Alongshore wind (3 days ago),increasing risk,Air temperature (1 day ago),increasing risk,Overnight low temperature,decreasing risk,Onshore wave energy today,increasing risk,Solar radiation (5 days ago),decreasing risk,0.0,0.0,13.0,31.7,19.5,23.3,0.66,1.73,0.0,low,,2026-10-08,0.2302,Safe,5,<10 MPN/100mL,High tide timing,increasing risk,Onshore wave energy (2 days ago),increasing risk,Rain and high tide combination,decreasing risk,Alongshore wind (3 days ago),increasing risk,River discharge,decreasing risk,Air temperature (5 days ago),decreasing risk,Daytime high temperature,increasing risk,Alongshore wind (2 days ago),increasing risk,Wave height (2 days ago),increasing risk,Air temperature (4 days ago),increasing risk,Air temperature (1 day ago),decreasing risk,Water temperature,increasing risk,Wave height,decreasing risk,Wind direction,decreasing risk,Mean wave direction,increasing risk,0.0,0.0,12.0,30.3,19.4,23.3,0.66,1.66,1.0,low,
DHS104,"DHS104-Santa Monica State Beach, Los Angeles",34.02,-118.51,2026-10-06,0.2175,Safe,5,<10 MPN/100mL,Onshore wave energy (2 days ago),increasing risk,High tide timing,decreasing risk,Onshore wave energy today,increasing risk,River discharge,decreasing risk,Overnight low temperature,increasing risk,Water temperature (5 days ago),increasing risk,Rain and high tide combination,decreasing risk,Water temperature,increasing risk,Air temperature (2 days ago),increasing risk,Air temperature (1 day ago),increasing risk,Rainfall today,decreasing risk,Mean wave direction,increasing risk,Wave height,decreasing risk,Water temperature (2 days ago),increasing risk,Alongshore wind (2 days ago),increasing risk,0.0,0.0,15.0,32.8,19.6,23.3,0.66,1.76,0.0,low,,2026-10-07,0.2021,Safe,5,<10 MPN/100mL,Onshore wave energy (2 days ago),increasing risk,Rain and high tide combination,decreasing risk,River discharge,decreasing risk,High tide timing,decreasing risk,Daytime high temperature,increasing risk,Alongshore wind (2 days ago),increasing risk,Water temperature,increasing risk,Onshore wave energy today,increasing risk,Air temperature,increasing risk,Wave height,decreasing risk,Water temperature (5 days ago),increasing risk,Tidal range,decreasing risk,Overnight low temperature,decreasing risk,Wave height (2 days ago),increasing risk,Alongshore wind today,increasing risk,0.0,0.0,12.0,32.2,19.7,23.3,0.66,1.73,0.0,low,,2026-10-08,0.1498,Safe,5,<10 MPN/100mL,Onshore wave energy (2 days ago),increasing risk,High tide timing,increasing risk,Daytime high temperature,increasing risk,Rain and high tide combination,decreasing risk,River discharge,decreasing risk,Air temperature (5 days ago),decreasing risk,Air temperature (4 days ago),increasing risk,Mean wave direction,increasing risk,Wave height (2 days ago),increasing risk,Air temperature (1 day ago),decreasing risk,Wave height,decreasing risk,Alongshore wind (3 days ago),increasing risk,Tidal range,decreasing risk,Low tide level,decreasing risk,Alongshore wind (2 days ago),increasing risk,0.0,0.0,14.0,30.8,19.5,23.3,0.66,1.66,1.0,low,
DHS110,"DHS110-Dockweiler State Beach, Los Angeles",33.9406,-118.442,2026-10-06,0.1499,Safe,5,<10 MPN/100mL,Onshore wave energy (2 days ago),increasing risk,High tide timing,decreasing risk,River discharge,decreasing risk,Rain and high tide combination,decreasing risk,Rainfall today,decreasing risk,Solar radiation (5 days ago),increasing risk,Air temperature (2 days ago),increasing risk,Water temperature (5 days ago),increasing risk,Overnight low temperature,increasing risk,Wave height (2 days ago),increasing risk,Water temperature,increasing risk,Onshore wave energy today,increasing risk,Tide level at sample time,decreasing risk,Alongshore wind (2 days ago),decreasing risk,Air temperature (1 day ago),increasing risk,0.0,0.0,16.0,34.2,19.6,23.3,0.66,1.76,0.0,low,,2026-10-07,0.1642,Safe,5,<10 MPN/100mL,Onshore wave energy (2 days ago),increasing risk,Rain and high tide combination,decreasing risk,High tide timing,decreasing risk,River discharge,decreasing risk,Daytime high temperature,increasing risk,Water temperature,increasing risk,Air temperature (1 day ago),increasing risk,Wave height,decreasing risk,Alongshore wind (2 days ago),increasing risk,Solar radiation (5 days ago),decreasing risk,Water temperature (5 days ago),increasing risk,Onshore wind today,increasing risk,Onshore wave energy today,increasing risk,Wave height (2 days ago),increasing risk,Mean wave direction,increasing risk,0.0,0.0,18.0,30.6,19.8,23.3,0.66,1.73,0.0,low,,2026-10-08,0.1783,Safe,5,<10 MPN/100mL,Onshore wave energy (2 days ago),increasing risk,High tide timing,increasing risk,Air temperature (5 days ago),decreasing risk,Rain and high tide combination,decreasing risk,Daytime high temperature,increasing risk,River discharge,decreasing risk,Air temperature (4 days ago),increasing risk,Onshore wind today,increasing risk,Mean wave direction,increasing risk,Wave height (2 days ago),increasing risk,Water temperature,increasing risk,Wind direction,decreasing risk,Water temperature (2 days ago),increasing risk,Alongshore wind (3 days ago),increasing risk,Onshore wave energy today,increasing risk,0.0,0.0,19.0,29.2,19.7,23.3,0.66,1.66,1.0,low,
DHS111,"DHS111-Dockweiler State Beach, Los Angeles",33.9233,-118.433,2026-10-06,0.1938,Safe,5,<10 MPN/100mL,Onshore wave energy (2 days ago),increasing risk,High tide timing,decreasing risk,Overnight low temperature,increasing risk,River discharge,decreasing risk,Rain and high tide combination,decreasing risk,Water temperature (5 days ago),increasing risk,Rainfall today,decreasing risk,Air temperature (2 days ago),increasing risk,Air temperature (1 day ago),increasing risk,Wave height (2 days ago),increasing risk,Solar radiation (5 days ago),increasing risk,Mean wave direction,increasing risk,Onshore wave energy today,increasing risk,Water temperature,increasing risk,Water temperature (4 days ago),increasing risk,0.0,0.0,13.0,32.6,19.6,23.3,0.66,1.76,0.0,low,,2026-10-07,0.1831,Safe,5,<10 MPN/100mL,Onshore wave energy (2 days ago),increasing risk,Rain and high tide combination,decreasing risk,Daytime high temperature,increasing risk,River discharge,decreasing risk,High tide timing,decreasing risk,Water temperature,increasing risk,Air temperature,increasing risk,Onshore wave energy today,increasing risk,Air temperature (1 day ago),increasing risk,Wave height,decreasing risk,Water temperature (5 days ago),increasing risk,Alongshore wind (2 days ago),increasing risk,Solar radiation (5 days ago),decreasing risk,Tidal range,decreasing risk,Mean wave direction,increasing risk,0.0,0.0,18.0,30.5,19.8,23.3,0.66,1.73,0.0,low,,2026-10-08,0.1641,Safe,5,<10 MPN/100mL,Onshore wave energy (2 days ago),increasing risk,High tide timing,increasing risk,Rain and high tide combination,decreasing risk,Air temperature (5 days ago),decreasing risk,Air temperature (4 days ago),increasing risk,River discharge,decreasing risk,Daytime high temperature,increasing risk,Mean wave direction,increasing risk,Onshore wind today,increasing risk,Wave height (2 days ago),increasing risk,Water temperature (2 days ago),increasing risk,Water temperature,increasing risk,Wind speed,increasing risk,Onshore wind (3 days ago),increasing risk,Wave height,decreasing risk,0.0,0.0,19.0,29.1,19.7,23.3,0.66,1.66,1.0,low,
DHS112,"DHS112-Dockweiler State Beach, Los Angeles",33.9159,-118.429,2026-10-06,0.1982,Safe,5,<10 MPN/100mL,Onshore wave energy (2 days ago),increasing risk,High tide timing,decreasing risk,River discharge,decreasing risk,Overnight low temperature,increasing risk,Rain and high tide combination,decreasing risk,Rainfall today,decreasing risk,Water temperature (5 days ago),increasing risk,Air temperature (1 day ago),increasing risk,Onshore wave energy today,increasing risk,Air temperature (2 days ago),increasing risk,Wave height (2 days ago),increasing risk,Mean wave direction,increasing risk,Water temperature (4 days ago),increasing risk,Water temperature,increasing risk,Water temperature (2 days ago),increasing risk,0.0,0.0,13.0,32.6,19.6,23.3,0.66,1.76,0.0,low,,2026-10-07,0.1869,Safe,5,<10 MPN/100mL,Onshore wave energy (2 days ago),increasing risk,Rain and high tide combination,decreasing risk,High tide timing,decreasing risk,River discharge,decreasing risk,Daytime high temperature,increasing risk,Water temperature,increasing risk,Onshore wave energy today,increasing risk,Air temperature,increasing risk,Wave height,decreasing risk,Water temperature (5 days ago),increasing risk,Alongshore wind (2 days ago),increasing risk,Air temperature (1 day ago),increasing risk,Solar radiation (5 days ago),decreasing risk,Tidal range,decreasing risk,Wave period (3 days ago),increasing risk,0.0,0.0,18.0,30.5,19.8,23.3,0.66,1.73,0.0,low,,2026-10-08,0.1609,Safe,5,<10 MPN/100mL,Onshore wave energy (2 days ago),increasing risk,High tide timing,increasing risk,Rain and high tide combination,decreasing risk,Air temperature (5 days ago),decreasing risk,River discharge,decreasing risk,Air temperature (4 days ago),increasing risk,Daytime high temperature,increasing risk,Onshore wind today,increasing risk,Mean wave direction,increasing risk,Wave height (2 days ago),increasing risk,Water temperature (2 days ago),increasing risk,Water temperature,increasing risk,Wave height,decreasing risk,Onshore wind (3 days ago),increasing risk,Wind speed,increasing risk,0.0,0.0,19.0,29.1,19.7,23.3,0.66,1.66,1.0,low,
DHS112B,"DHS112B-Dockweiler State Beach, Los Angeles",33.9153,-118.43,2026-10-06,0.1982,Safe,5,<10 MPN/100mL,Onshore wave energy (2 days ago),increasing risk,High tide timing,decreasing risk,River discharge,decreasing risk,Overnight low temperature,increasing risk,Rain and high tide combination,decreasing risk,Rainfall today,decreasing risk,Water temperature (5 days ago),increasing risk,Air temperature (1 day ago),increasing risk,Onshore wave energy today,increasing risk,Air temperature (2 days ago),increasing risk,Wave height (2 days ago),increasing risk,Mean wave direction,increasing risk,Water temperature (4 days ago),increasing risk,Water temperature,increasing risk,Water temperature (2 days ago),increasing risk,0.0,0.0,13.0,32.6,19.6,23.3,0.66,1.76,0.0,low,,2026-10-07,0.1869,Safe,5,<10 MPN/100mL,Onshore wave energy (2 days ago),increasing risk,Rain and high tide combination,decreasing risk,High tide timing,decreasing risk,River discharge,decreasing risk,Daytime high temperature,increasing risk,Water temperature,increasing risk,Onshore wave energy today,increasing risk,Air temperature,increasing risk,Wave height,decreasing risk,Water temperature (5 days ago),increasing risk,Alongshore wind (2 days ago),increasing risk,Air temperature (1 day ago),increasing risk,Solar radiation (5 days ago),decreasing risk,Tidal range,decreasing risk,Wave period (3 days ago),increasing risk,0.0,0.0,18.0,30.6,19.8,23.3,0.66,1.73,0.0,low,,2026-10-08,0.1609,Safe,5,<10 MPN/100mL,Onshore wave energy (2 days ago),increasing risk,High tide timing,increasing risk,Rain and high tide combination,decreasing risk,Air temperature (5 days ago),decreasing risk,River discharge,decreasing risk,Air temperature (4 days ago),increasing risk,Daytime high temperature,increasing risk,Onshore wind today,increasing risk,Mean wave direction,increasing risk,Wave height (2 days ago),increasing risk,Water temperature (2 days ago),increasing risk,Water temperature,increasing risk,Wave height,decreasing risk,Onshore wind (3 days ago),increasing risk,Wind speed,increasing risk,0.0,0.0,19.0,29.2,19.7,23.3,0.66,1.66,1.0,low,
DHS113,"DHS113-Manhattan Beach, Los Angeles",33.8945,-118.418,2026-10-06,0.1531,Safe,5,<10 MPN/100mL,High tide timing,decreasing risk,Onshore wave energy (2 days ago),increasing risk,River discharge,decreasing risk,Rainfall today,decreasing risk,Rain and high tide combination,decreasing risk,Daytime high temperature,decreasing risk,Air temperature (1 day ago),increasing risk,Wave height (2 days ago),increasing risk,Water temperature (5 days ago),increasing risk,Wind gusts,increasing risk,Air temperature (2 days ago),increasing risk,Water temperature (4 days ago),increasing risk,Water temperature (2 days ago),increasing risk,Solar radiation (6 days ago),increasing risk,Overnight low temperature,increasing risk,0.0,0.0,13.0,32.6,19.6,23.3,0.66,1.76,0.0,low,,2026-10-07,0.1868,Safe,5,<10 MPN/100mL,Onshore wave energy (2 days ago),increasing risk,High tide timing,decreasing risk,Rain and high tide combination,decreasing risk,River discharge,decreasing risk,Daytime high temperature,increasing risk,Water temperature,increasing risk,Alongshore wind (2 days ago),increasing risk,Air temperature,increasing risk,Wave height,decreasing risk,Onshore wave energy today,increasing risk,Low tide level,decreasing risk,Solar radiation (5 days ago),decreasing risk,Tidal range,decreasing risk,Water temperature (4 days ago),increasing risk,Overnight low temperature,decreasing risk,0.0,0.0,18.0,30.5,19.8,23.3,0.66,1.73,0.0,low,,2026-10-08,0.1638,Safe,5,<10 MPN/100mL,Onshore wave energy (2 days ago),increasing risk,High tide timing,increasing risk,Rain and high tide combination,decreasing risk,Air temperature (5 days ago),decreasing risk,River discharge,decreasing risk,Air temperature (4 days ago),increasing risk,Daytime high temperature,increasing risk,Onshore wind today,increasing risk,Alongshore wind (3 days ago),increasing risk,Water temperature,increasing risk,Mean wave direction,increasing risk,Wind direction,decreasing risk,Water temperature (2 days ago),increasing risk,Wave height,decreasing risk,Wave period (3 days ago),increasing risk,0.0,0.0,19.0,29.1,19.7,23.3,0.66,1.66,1.0,low,
DHS114,"DHS114-Hermosa Beach, Los Angeles",33.8715,-118.407,2026-10-06,0.1377,Safe,5,<10 MPN/100mL,High tide timing,decreasing risk,Onshore wave energy (2 days ago),increasing risk,River discharge,decreasing risk,Air temperature (1 day ago),increasing risk,Daytime high temperature,decreasing risk,Rainfall today,decreasing risk,Rain and high tide combination,decreasing risk,Wave height (2 days ago),increasing risk,Onshore wave energy (3 days ago),decreasing risk,Water temperature,increasing risk,Wind gusts,increasing risk,Air temperature (2 days ago),increasing risk,Tide level at sample time,decreasing risk,Onshore wave energy today,increasing risk,Water temperature (5 days ago),increasing risk,0.0,0.0,15.0,34.1,19.6,23.3,0.66,1.78,0.0,low,,2026-10-07,0.1783,Safe,5,<10 MPN/100mL,High tide timing,decreasing risk,Rain and high tide combination,decreasing risk,River discharge,decreasing risk,Onshore wave energy (2 days ago),increasing risk,Water temperature,increasing risk,Daytime high temperature,increasing risk,Low tide level,decreasing risk,Onshore wave energy today,increasing risk,Wave height,decreasing risk,Wave height (2 days ago),increasing risk,Overnight low temperature,decreasing risk,Air temperature (2 days ago),decreasing risk,Tidal range,decreasing risk,Alongshore wind (2 days ago),increasing risk,Water temperature (5 days ago),increasing risk,0.0,0.0,18.0,30.6,19.8,23.3,0.66,1.76,0.0,low,,2026-10-08,0.1908,Safe,5,<10 MPN/100mL,High tide timing,increasing risk,Onshore wave energy (2 days ago),increasing risk,Rain and high tide combination,decreasing risk,River discharge,decreasing risk,Air temperature (5 days ago),decreasing risk,Air temperature (4 days ago),increasing risk,Daytime high temperature,increasing risk,Wind direction,decreasing risk,Water temperature,increasing risk,Low tide level,decreasing risk,Water temperature (2 days ago),increasing risk,Wave height,decreasing risk,Onshore wind today,increasing risk,Alongshore wind today,decreasing risk,Wave period (3 days ago),increasing risk,0.0,0.0,19.0,29.2,19.7,23.3,0.66,1.7,1.0,low,
DHS115,"DHS115-Hermosa Beach, Los Angeles",33.8522,-118.399,2026-10-06,0.1706,Safe,5,<10 MPN/100mL,Onshore wave energy (2 days ago),increasing risk,High tide timing,decreasing risk,River discharge,decreasing risk,Onshore wave energy today,increasing risk,Overnight low temperature,increasing risk,Rain and high tide combination,decreasing risk,Rainfall today,decreasing risk,Water temperature (5 days ago),increasing risk,Air temperature (2 days ago),increasing risk,Air temperature (1 day ago),increasing risk,Water temperature,increasing risk,Wave height (2 days ago),increasing risk,Mean wave direction,increasing risk,Wave height,decreasing risk,Water temperature (4 days ago),increasing risk,0.0,0.0,15.0,33.3,19.6,23.3,0.66,1.78,0.0,low,,2026-10-07,0.1819,Safe,5,<10 MPN/100mL,Onshore wave energy (2 days ago),increasing risk,Rain and high tide combination,decreasing risk,River discharge,decreasing risk,High tide timing,decreasing risk,Water temperature,increasing risk,Daytime high temperature,increasing risk,Wave height,decreasing risk,Onshore wave energy today,increasing risk,Water temperature (5 days ago),increasing risk,Air temperature,increasing risk,Air temperature (1 day ago),increasing risk,Tidal range,decreasing risk,Overnight low temperature,decreasing risk,Low tide level,decreasing risk,Solar radiation (5 days ago),decreasing risk,0.0,0.0,18.0,29.4,19.9,23.3,0.66,1.76,0.0,low,,2026-10-08,0.13,Safe,5,<10 MPN/100mL,Onshore wave energy (2 days ago),increasing risk,High tide timing,increasing risk,Rain and high tide combination,decreasing risk,River discharge,decreasing risk,Air temperature (5 days ago),decreasing risk,Air temperature (4 days ago),increasing risk,Wave height,decreasing risk,Mean wave direction,increasing risk,Wind direction,decreasing risk,Daytime high temperature,increasing risk,Water temperature (2 days ago),increasing risk,Water temperature,increasing risk,Air temperature,increasing risk,Wave height (2 days ago),increasing risk,Alongshore wind today,decreasing risk,0.0,0.0,16.0,28.4,19.8,23.3,0.66,1.7,1.0,low,
DHS116,"DHS116-Redondo Beach, Los Angeles",33.8321,-118.391,2026-10-06,0.1457,Safe,5,<10 MPN/100mL,High tide timing,decreasing risk,Onshore wave energy (2 days ago),increasing risk,River discharge,decreasing risk,Daytime high temperature,decreasing risk,Rain and high tide combination,decreasing risk,Rainfall today,decreasing risk,Air temperature (2 days ago),increasing risk,Wave height (2 days ago),increasing risk,Wind gusts,increasing risk,Solar radiation (5 days ago),increasing risk,Water temperature (5 days ago),increasing risk,Water temperature,increasing risk,Alongshore wind (2 days ago),decreasing risk,Air temperature (3 days ago),decreasing risk,Tide level at sample time,decreasing risk,0.0,0.0,16.0,32.5,19.7,23.3,0.66,1.78,0.0,low,,2026-10-07,0.1647,Safe,5,<10 MPN/100mL,High tide timing,decreasing risk,Rain and high tide combination,decreasing risk,Onshore wave energy (2 days ago),increasing risk,River discharge,decreasing risk,Water temperature,increasing risk,Daytime high temperature,increasing risk,Wave height,decreasing risk,Overnight low temperature,decreasing risk,Low tide level,decreasing risk,Onshore wave energy today,increasing risk,Wind direction,decreasing risk,Wave height (2 days ago),increasing risk,Water temperature (5 days ago),increasing risk,Water temperature (4 days ago),increasing risk,Air temperature (1 day ago),increasing risk,0.0,0.0,18.0,29.4,19.9,23.3,0.66,1.76,0.0,low,,2026-10-08,0.1532,Safe,5,<10 MPN/100mL,High tide timing,increasing risk,Onshore wave energy (2 days ago),increasing risk,Rain and high tide combination,decreasing risk,Air temperature (5 days ago),decreasing risk,River discharge,decreasing risk,Air temperature (4 days ago),increasing risk,Wind direction,decreasing risk,Wave height (2 days ago),increasing risk,Onshore wind (3 days ago),increasing risk,Daytime high temperature,increasing risk,Mean wave direction,increasing risk,Wave height,decreasing risk,Water temperature,increasing risk,Onshore wave energy (3 days ago),decreasing risk,Air temperature,increasing risk,0.0,0.0,16.0,28.4,19.8,23.3,0.66,1.7,1.0,low,
DPH 002B,DPH 002B,34.0368898,-118.676899,2026-10-06,0.2277,Safe,5,<10 MPN/100mL,Onshore wave energy (2 days ago),increasing risk,High tide timing,decreasing risk,Onshore wave energy today,increasing risk,Overnight low temperature,increasing risk,Water temperature (5 days ago),increasing risk,Water temperature,increasing risk,River discharge,decreasing risk,Rain and high tide combination,decreasing risk,Air temperature (1 day ago),increasing risk,Air temperature (2 days ago),increasing risk,Rainfall today,decreasing risk,Mean wave direction,increasing risk,Wind gusts,increasing risk,Water temperature (2 days ago),increasing risk,Alongshore wind (2 days ago),increasing risk,0.0,0.0,28.0,35.3,19.6,23.3,0.66,1.76,0.0,low,,2026-10-07,0.257,Safe,9,<10 MPN/100mL,Air temperature (5 days ago),increasing risk,Onshore wave energy (2 days ago),increasing risk,Daytime high temperature,increasing risk,Rain and high tide combination,decreasing risk,River discharge,decreasing risk,Water temperature,increasing risk,Alongshore wind (2 days ago),increasing risk,Onshore wave energy today,increasing risk,Air temperature,increasing risk,High tide timing,decreasing risk,Alongshore wind today,increasing risk,Water temperature (5 days ago),increasing risk,Air temperature (1 day ago),increasing risk,Wave height (2 days ago),increasing risk,Air temperature (4 days ago),increasing risk,0.0,0.0,12.0,34.8,19.9,23.3,0.66,1.73,0.0,low,,2026-10-08,0.1678,Safe,5,<10 MPN/100mL,Onshore wave energy (2 days ago),increasing risk,Daytime high temperature,increasing risk,High tide timing,increasing risk,Rain and high tide combination,decreasing risk,River discharge,decreasing risk,Alongshore wind (3 days ago),increasing risk,Air temperature (5 days ago),decreasing risk,Air temperature (4 days ago),increasing risk,Alongshore wind (2 days ago),increasing risk,Mean wave direction,increasing risk,Wave height (2 days ago),increasing risk,Wind speed (2 days ago),increasing risk,Wind direction,decreasing risk,Air temperature (3 days ago),increasing risk,Wave height,decreasing risk,0.0,0.0,12.0,33.5,19.8,23.3,0.66,1.66,1.0,low,
DPH 122,DPH 122,33.9611547,-118.4562179,2026-10-06,0.2047,Safe,5,<10 MPN/100mL,Onshore wave energy (2 days ago),increasing risk,High tide timing,decreasing risk,River discharge,decreasing risk,Overnight low temperature,increasing risk,Rain and high tide combination,decreasing risk,Water temperature (5 days ago),increasing risk,Air temperature (2 days ago),increasing risk,Onshore wave energy today,increasing risk,Rainfall today,decreasing risk,Water temperature,increasing risk,Air temperature (1 day ago),increasing risk,Solar radiation (5 days ago),increasing risk,Wind direction,increasing risk,Water temperature (2 days ago),increasing risk,Wave height (2 days ago),increasing risk,0.0,0.0,16.0,34.6,19.6,23.3,0.66,1.76,0.0,low,,2026-10-07,0.2029,Safe,5,<10 MPN/100mL,Onshore wave energy (2 days ago),increasing risk,Rain and high tide combination,decreasing risk,Daytime high temperature,increasing risk,River discharge,decreasing risk,Water temperature,increasing risk,High tide timing,decreasing risk,Alongshore wind (2 days ago),increasing risk,Air temperature,increasing risk,Onshore wave energy today,increasing risk,Solar radiation (5 days ago),decreasing risk,Water temperature (5 days ago),increasing risk,Wave height (2 days ago),increasing risk,Air temperature (1 day ago),increasing risk,Mean wave direction,increasing risk,Seasonal pattern,decreasing risk,0.0,0.0,12.0,32.2,19.7,23.3,0.66,1.73,0.0,low,,2026-10-08,0.1337,Safe,5,<10 MPN/100mL,Onshore wave energy (2 days ago),increasing risk,Daytime high temperature,increasing risk,High tide timing,increasing risk,Rain and high tide combination,decreasing risk,Air temperature (5 days ago),decreasing risk,River discharge,decreasing risk,Air temperature (4 days ago),increasing risk,Mean wave direction,increasing risk,Wave height (2 days ago),increasing risk,Wave height,decreasing risk,Water temperature,increasing risk,Tidal range,decreasing risk,Onshore wind (3 days ago),increasing risk,Alongshore wind (3 days ago),increasing risk,Water temperature (2 days ago),increasing risk,0.0,0.0,14.0,30.8,19.5,23.3,0.66,1.66,1.0,low,
DSB4Z,Doheny State Beach Drain 4 Point Zero,33.4601855299999,-117.677785099999,2026-10-06,0.2352,Safe,8,<10 MPN/100mL,Onshore wave energy (2 days ago),increasing risk,High tide timing,decreasing risk,Onshore wave energy today,increasing risk,River discharge,decreasing risk,Overnight low temperature,increasing risk,Water temperature (5 days ago),increasing risk,Air temperature (2 days ago),increasing risk,Wave height (2 days ago),increasing risk,Mean wave direction,increasing risk,Rain and high tide combination,decreasing risk,Air temperature (1 day ago),increasing risk,Rainfall today,decreasing risk,Water temperature,increasing risk,Water temperature (2 days ago),increasing risk,Average wave period,increasing risk,0.0,0.0,12.0,34.7,19.9,23.4,0.66,1.75,0.0,low,,2026-10-07,0.2492,Safe,8,<10 MPN/100mL,Onshore wave energy (2 days ago),increasing risk,Rain and high tide combination,decreasing risk,River discharge,decreasing risk,High tide timing,decreasing risk,Daytime high temperature,increasing risk,Water temperature,increasing risk,Air temperature,increasing risk,Water temperature (5 days ago),increasing risk,Alongshore wind (2 days ago),increasing risk,Air temperature (5 days ago),increasing risk,Onshore wave energy today,increasing risk,Wave height (2 days ago),increasing risk,Air temperature (1 day ago),increasing risk,Solar radiation (5 days ago),decreasing risk,Wave height,decreasing risk,0.0,0.0,14.0,33.4,20.1,23.4,0.66,1.73,0.0,low,,2026-10-08,0.169,Safe,5,<10 MPN/100mL,Onshore wave energy (2 days ago),increasing risk,Daytime high temperature,increasing risk,High tide timing,increasing risk,Rain and high tide combination,decreasing risk,River discharge,decreasing risk,Air temperature (4 days ago),increasing risk,Air temperature (5 days ago),decreasing risk,Mean wave direction,increasing risk,Wave height (2 days ago),increasing risk,Alongshore wind today,decreasing risk,Wind direction,decreasing risk,Air temperature (1 day ago),decreasing risk,Alongshore wind (3 days ago),increasing risk,Water temperature (2 days ago),increasing risk,Water temperature,increasing risk,0.0,0.0,14.0,32.6,19.9,23.4,0.66,1.66,1.0,low,
Francis State Beach,"Francis State Beach-Francis State Beach, San Mateo",37.4672,-122.447,2026-10-06,0.1614,Safe,5,<10 MPN/100mL,Onshore wave energy (2 days ago),increasing risk,Wave height (5 days ago),increasing risk,Wind gusts,increasing risk,Wave height (4 days ago),increasing risk,Rain and high tide combination,decreasing risk,Onshore wave energy today,increasing risk,Wave period (5 days ago),increasing risk,Rainfall today,decreasing risk,Solar radiation (5 days ago),increasing risk,River discharge,decreasing risk,Seasonal pattern,decreasing risk,Wind speed (2 days ago),decreasing risk,Wind speed,decreasing risk,High tide timing,decreasing risk,Wind direction,decreasing risk,0.0,0.0,9.0,19.0,17.0,14.3,0.88,1.72,0.0,,,2026-10-07,0.2043,Safe,5,<10 MPN/100mL,High tide timing,increasing risk,Onshore wave energy (2 days ago),increasing risk,Rain and high tide combination,decreasing risk,Daytime high temperature,increasing risk,Wave height (4 days ago),increasing risk,Mean wave direction,increasing risk,Wave height (5 days ago),increasing risk,Wind direction,increasing risk,Solar radiation (5 days ago),increasing risk,River discharge,decreasing risk,Tidal range,decreasing risk,High tide level,decreasing risk,Low tide level,decreasing risk,Wave height (1 day ago),increasing risk,Water temperature (4 days ago),decreasing risk,0.0,0.0,12.0,30.9,19.1,14.3,0.88,1.66,0.0,,,2026-10-08,0.233,Safe,5,<10 MPN/100mL,High tide timing,increasing risk,Onshore wave energy (2 days ago),increasing risk,Daytime high temperature,increasing risk,Rain and high tide combination,decreasing risk,Wave height (4 days ago),increasing risk,Mean wave direction,increasing risk,Wind direction,increasing risk,Wave height (5 days ago),increasing risk,Tide level at sample time,increasing risk,Solar radiation (4 days ago),increasing risk,Low tide level,decreasing risk,Wave period (2 days ago),increasing risk,Wind speed (3 days ago),increasing risk,Tidal range,decreasing risk,High tide level,increasing risk,0.0,0.0,12.0,30.8,18.6,14.3,0.88,1.65,1.0,,
O490,"O490-Cowell Beach, Santa Cruz",36.9618,-122.023,2026-10-06,0.1749,Safe,5,<10 MPN/100mL,Wave height (2 days ago),increasing risk,Onshore wave energy (2 days ago),increasing risk,High tide timing,decreasing risk,Alongshore wind today,increasing risk,Rain and high tide combination,decreasing risk,Wave height (5 days ago),increasing risk,Alongshore wind (2 days ago),decreasing risk,Rainfall today,decreasing risk,Wave height,decreasing risk,Wave height (4 days ago),increasing risk,Daytime high temperature,decreasing risk,River discharge,decreasing risk,Alongshore wind (1 day ago),increasing risk,Wave period (3 days ago),increasing risk,Wind gusts,decreasing risk,0.0,0.0,17.0,23.6,18.3,,,1.64,0.0,,,2026-10-07,0.2167,Safe,5,<10 MPN/100mL,Onshore wave energy (2 days ago),increasing risk,Wave height (2 days ago),increasing risk,Rain and high tide combination,decreasing risk,Alongshore wind (3 days ago),decreasing risk,Daytime high temperature,increasing risk,Alongshore wind today,increasing risk,High tide level,decreasing risk,Wave height (4 days ago),increasing risk,Onshore wave energy today,increasing risk,River discharge,decreasing risk,Wave period (3 days ago),increasing risk,High tide timing,decreasing risk,Mean wave direction,increasing risk,Average wave period (1 day ago),decreasing risk,Average wave period (2 days ago),decreasing risk,0.0,0.0,13.0,30.1,19.1,,,1.55,0.0,,,2026-10-08,0.1421,Safe,5,<10 MPN/100mL,High tide timing,increasing risk,Onshore wave energy (2 days ago),increasing risk,Wave height,decreasing risk,Rain and high tide combination,decreasing risk,Wave height (2 days ago),increasing risk,Wave period (3 days ago),increasing risk,Wave height (5 days ago),increasing risk,Wind direction,decreasing risk,Wave height (4 days ago),increasing risk,Onshore wind today,decreasing risk,Alongshore wind today,increasing risk,High tide level,decreasing risk,Alongshore wind (3 days ago),decreasing risk,Mean wave direction,increasing risk,Wave period,increasing risk,0.0,0.0,11.0,26.3,18.8,,,1.47,1.0,,
OSB04,"OSB04-Seal Beach Surfside, Orange",33.7372,-118.102,2026-10-06,0.1807,Safe,5,<10 MPN/100mL,Onshore wave energy (2 days ago),increasing risk,High tide timing,decreasing risk,River discharge,decreasing risk,Overnight low temperature,increasing risk,Rain and high tide combination,decreasing risk,Air temperature (2 days ago),increasing risk,Onshore wave energy today,increasing risk,Mean wave direction,increasing risk,Rainfall today,decreasing risk,Wave height,decreasing risk,Water temperature (5 days ago),increasing risk,Air temperature (1 day ago),increasing risk,Wave height (2 days ago),increasing risk,Water temperature,increasing risk,Tide level at sample time,decreasing risk,0.0,0.0,18.0,34.0,19.7,23.3,0.57,1.78,0.0,low,,2026-10-07,0.2996,Safe,10,10 MPN/100mL,Onshore wave energy (2 days ago),increasing risk,Air temperature (5 days ago),increasing risk,River discharge,decreasing risk,Rain and high tide combination,decreasing risk,High tide timing,decreasing risk,Water temperature,increasing risk,Daytime high temperature,increasing risk,Alongshore wind (2 days ago),increasing risk,Wave height (2 days ago),increasing risk,Onshore wave energy today,increasing risk,Solar radiation (5 days ago),decreasing risk,Wave period (3 days ago),increasing risk,Water temperature (5 days ago),increasing risk,Air temperature (1 day ago),increasing risk,Lunar cycle,increasing risk,0.0,0.0,15.0,31.8,19.9,23.3,0.57,1.76,0.0,low,,2026-10-08,0.147,Safe,5,<10 MPN/100mL,Onshore wave energy (2 days ago),increasing risk,Daytime high temperature,increasing risk,High tide timing,increasing risk,Rain and high tide combination,decreasing risk,Air temperature (5 days ago),decreasing risk,River discharge,decreasing risk,Wave height,decreasing risk,Wave height (2 days ago),increasing risk,Air temperature (4 days ago),increasing risk,Wind direction,decreasing risk,Mean wave direction,increasing risk,Average wave period (3 days ago),decreasing risk,Water temperature (2 days ago),increasing risk,Water temperature,increasing risk,Wave height (5 days ago),decreasing risk,0.0,0.0,16.0,31.1,19.8,23.3,0.57,1.7,1.0,low,
PB5,"PB5-Pismo State Beach, San Luis Obispo",35.141,-120.646,2026-10-06,0.128,Safe,5,<10 MPN/100mL,Onshore wave energy (2 days ago),increasing risk,High tide timing,decreasing risk,River discharge,decreasing risk,Rain and high tide combination,decreasing risk,Rainfall today,decreasing risk,Mean wave direction,increasing risk,Onshore wave energy today,increasing risk,Wind direction,increasing risk,Wave height (2 days ago),decreasing risk,Air temperature (2 days ago),increasing risk,Wind speed,decreasing risk,High tide level,decreasing risk,Wave period (2 days ago),increasing risk,Wave height (5 days ago),increasing risk,Wave height (1 day ago),decreasing risk,0.0,0.0,9.0,23.9,18.7,16.4,1.24,1.67,0.0,moderate,,2026-10-07,0.1833,Safe,5,<10 MPN/100mL,Onshore wave energy (2 days ago),increasing risk,Rain and high tide combination,decreasing risk,River discharge,decreasing risk,Daytime high temperature,increasing risk,High tide level,decreasing risk,Wave period (3 days ago),increasing risk,High tide timing,decreasing risk,Mean wave direction,increasing risk,Wind speed (1 day ago),decreasing risk,Wave height (5 days ago),increasing risk,Wave height (1 day ago),decreasing risk,Solar radiation (4 days ago),decreasing risk,Wave period (2 days ago),increasing risk,Wind speed (2 days ago),increasing risk,Wave height (2 days ago),decreasing risk,0.0,0.0,16.0,27.9,19.5,16.4,1.24,1.61,0.0,moderate,,2026-10-08,0.1727,Safe,5,<10 MPN/100mL,High tide timing,increasing risk,Onshore wave energy (2 days ago),increasing risk,Rain and high tide combination,decreasing risk,Mean wave direction,increasing risk,River discharge,decreasing risk,Wave period (3 days ago),increasing risk,Wave height (2 days ago),decreasing risk,Daytime high temperature,increasing risk,Wave height (5 days ago),increasing risk,Alongshore wind (2 days ago),decreasing risk,Onshore wave energy today,increasing risk,Wave period (2 days ago),increasing risk,High tide level,decreasing risk,Onshore wave energy (1 day ago),decreasing risk,Solar radiation (3 days ago),decreasing risk,0.0,0.0,12.0,24.9,19.4,16.4,1.24,1.54,1.0,moderate,
SMB-2-10,SMB-2-10,33.95702,-118.45196,2026-10-06,0.1639,Safe,5,<10 MPN/100mL,High tide timing,decreasing risk,Onshore wave energy (2 days ago),increasing risk,River discharge,decreasing risk,Rain and high tide combination,decreasing risk,Air temperature (2 days ago),increasing risk,Rainfall today,decreasing risk,Solar radiation (5 days ago),increasing risk,Water temperature (5 days ago),increasing risk,Onshore wave energy today,increasing risk,Wave height (2 days ago),increasing risk,Water temperature,increasing risk,Air temperature (1 day ago),increasing risk,Overnight low temperature,increasing risk,Onshore wind today,increasing risk,Tide level at sample time,decreasing risk,0.0,0.0,16.0,34.6,19.6,23.3,0.66,1.76,0.0,low,,2026-10-07,0.1638,Safe,5,<10 MPN/100mL,Onshore wave energy (2 days ago),increasing risk,Rain and high tide combination,decreasing risk,High tide timing,decreasing risk,River discharge,decreasing risk,Daytime high temperature,increasing risk,Water temperature,increasing risk,Wave height,decreasing risk,Alongshore wind (2 days ago),increasing risk,Onshore wave energy today,increasing risk,Air temperature (1 day ago),increasing risk,Solar radiation (5 days ago),decreasing risk,Water temperature (5 days ago),increasing risk,Onshore wind today,increasing risk,Overnight low temperature,decreasing risk,Low tide level,decreasing risk,0.0,0.0,18.0,30.6,19.8,23.3,0.66,1.73,0.0,low,,2026-10-08,0.1655,Safe,5,<10 MPN/100mL,Onshore wave energy (2 days ago),increasing risk,High tide timing,increasing risk,Air temperature (5 days ago),decreasing risk,Rain and high tide combination,decreasing risk,River discharge,decreasing risk,Air temperature (4 days ago),increasing risk,Onshore wind today,increasing risk,Daytime high temperature,increasing risk,Wave height (2 days ago),increasing risk,Alongshore wind (3 days ago),increasing risk,Water temperature,increasing risk,Water temperature (2 days ago),increasing risk,Wind direction,decreasing risk,Mean wave direction,increasing risk,Onshore wind (3 days ago),increasing risk,0.0,0.0,19.0,29.2,19.7,23.3,0.66,1.66,1.0,low,
SMB-2-11,SMB-2-11,33.9444,-118.4442,2026-10-06,0.2002,Safe,5,<10 MPN/100mL,Onshore wave energy (2 days ago),increasing risk,High tide timing,decreasing risk,River discharge,decreasing risk,Overnight low temperature,increasing risk,Water temperature (5 days ago),increasing risk,Rain and high tide combination,decreasing risk,Rainfall today,decreasing risk,Air temperature (1 day ago),increasing risk,Air temperature (2 days ago),increasing risk,Onshore wave energy today,increasing risk,Water temperature,increasing risk,Mean wave direction,increasing risk,Wave height (2 days ago),increasing risk,Solar radiation (5 days ago),increasing risk,Wind gusts,increasing risk,0.0,0.0,16.0,34.2,19.6,23.3,0.66,1.76,0.0,low,,2026-10-07,0.2035,Safe,5,<10 MPN/100mL,Onshore wave energy (2 days ago),increasing risk,Rain and high tide combination,decreasing risk,River discharge,decreasing risk,Daytime high temperature,increasing risk,Alongshore wind (2 days ago),increasing risk,Onshore wave energy today,increasing risk,High tide timing,decreasing risk,Water temperature,increasing risk,Wave height,decreasing risk,Air temperature,increasing risk,Air temperature (1 day ago),increasing risk,Water temperature (5 days ago),increasing risk,Solar radiation (5 days ago),decreasing risk,Tidal range,decreasing risk,Wave period (3 days ago),increasing risk,0.0,0.0,18.0,30.6,19.8,23.3,0.66,1.73,0.0,low,,2026-10-08,0.1477,Safe,5,<10 MPN/100mL,Onshore wave energy (2 days ago),increasing risk,High tide timing,increasing risk,Rain and high tide combination,decreasing risk,Air temperature (5 days ago),decreasing risk,River discharge,decreasing risk,Air temperature (4 days ago),increasing risk,Daytime high temperature,increasing risk,Onshore wind today,increasing risk,Wave height (2 days ago),increasing risk,Mean wave direction,increasing risk,Alongshore wind (3 days ago),increasing risk,Wave height,decreasing risk,Water temperature (2 days ago),increasing risk,Water temperature,increasing risk,Air temperature,increasing risk,0.0,0.0,19.0,29.2,19.7,23.3,0.66,1.66,1.0,low,
SMB-2-13,SMB-2-13,33.93071,-118.43711,2026-10-06,0.2002,Safe,5,<10 MPN/100mL,Onshore wave energy (2 days ago),increasing risk,High tide timing,decreasing risk,River discharge,decreasing risk,Overnight low temperature,increasing risk,Water temperature (5 days ago),increasing risk,Rain and high tide combination,decreasing risk,Rainfall today,decreasing risk,Air temperature (1 day ago),increasing risk,Air temperature (2 days ago),increasing risk,Onshore wave energy today,increasing risk,Water temperature,increasing risk,Mean wave direction,increasing risk,Wave height (2 days ago),increasing risk,Solar radiation (5 days ago),increasing risk,Wind gusts,increasing risk,0.0,0.0,16.0,34.2,19.6,23.3,0.66,1.76,0.0,low,,2026-10-07,0.2035,Safe,5,<10 MPN/100mL,Onshore wave energy (2 days ago),increasing risk,Rain and high tide combination,decreasing risk,River discharge,decreasing risk,Daytime high temperature,increasing risk,Alongshore wind (2 days ago),increasing risk,Onshore wave energy today,increasing risk,High tide timing,decreasing risk,Water temperature,increasing risk,Wave height,decreasing risk,Air temperature,increasing risk,Air temperature (1 day ago),increasing risk,Water temperature (5 days ago),increasing risk,Solar radiation (5 days ago),decreasing risk,Tidal range,decreasing risk,Wave period (3 days ago),increasing risk,0.0,0.0,18.0,30.6,19.8,23.3,0.66,1.73,0.0,low,,2026-10-08,0.1477,Safe,5,<10 MPN/100mL,Onshore wave energy (2 days ago),increasing risk,High tide timing,increasing risk,Rain and high tide combination,decreasing risk,Air temperature (5 days ago),decreasing risk,River discharge,decreasing risk,Air temperature (4 days ago),increasing risk,Daytime high temperature,increasing risk,Onshore wind today,increasing risk,Wave height (2 days ago),increasing risk,Mean wave direction,increasing risk,Alongshore wind (3 days ago),increasing risk,Wave height,decreasing risk,Water temperature (2 days ago),increasing risk,Water temperature,increasing risk,Air temperature,increasing risk,0.0,0.0,19.0,29.2,19.7,23.3,0.66,1.66,1.0,low,
SMB-3-5,SMB-3-5,33.99662,-118.48488,2026-10-06,0.1318,Safe,5,<10 MPN/100mL,High tide timing,decreasing risk,Onshore wave energy (2 days ago),increasing risk,River discharge,decreasing risk,Rain and high tide combination,decreasing risk,Daytime high temperature,decreasing risk,Rainfall today,decreasing risk,Water temperature,increasing risk,Wave height (2 days ago),increasing risk,Air temperature (2 days ago),increasing risk,Onshore wave energy today,increasing risk,Water temperature (5 days ago),increasing risk,Wave height,decreasing risk,Solar radiation (5 days ago),increasing risk,Alongshore wind (3 days ago),increasing risk,Water temperature (2 days ago),increasing risk,0.0,0.0,15.0,32.8,19.6,23.3,0.66,1.76,0.0,low,,2026-10-07,0.1732,Safe,5,<10 MPN/100mL,High tide timing,decreasing risk,Rain and high tide combination,decreasing risk,Onshore wave energy (2 days ago),increasing risk,River discharge,decreasing risk,Daytime high temperature,increasing risk,Water temperature,increasing risk,Alongshore wind (2 days ago),increasing risk,Overnight low temperature,decreasing risk,Wave height,decreasing risk,Wave height (2 days ago),increasing risk,Low tide level,decreasing risk,Onshore wave energy today,increasing risk,Water temperature (5 days ago),increasing risk,Solar radiation (5 days ago),decreasing risk,Onshore wind (3 days ago),decreasing risk,0.0,0.0,12.0,32.2,19.7,23.3,0.66,1.73,0.0,low,,2026-10-08,0.1828,Safe,5,<10 MPN/100mL,High tide timing,increasing risk,Onshore wave energy (2 days ago),increasing risk,River discharge,decreasing risk,Rain and high tide combination,decreasing risk,Air temperature (5 days ago),decreasing risk,Daytime high temperature,increasing risk,Air temperature (4 days ago),increasing risk,Air temperature (1 day ago),decreasing risk,Wave height (2 days ago),increasing risk,Alongshore wind (3 days ago),increasing risk,Wind direction,decreasing risk,Mean wave direction,increasing risk,Water temperature,increasing risk,Onshore wind (3 days ago),increasing risk,Alongshore wind (2 days ago),increasing risk,0.0,0.0,14.0,30.8,19.5,23.3,0.66,1.66,1.0,low,
SMB-3-6,SMB-3-6,33.9935842,-118.4824055,2026-10-06,0.2138,Safe,5,<10 MPN/100mL,Onshore wave energy (2 days ago),increasing risk,High tide timing,decreasing risk,Overnight low temperature,increasing risk,Onshore wave energy today,increasing risk,River discharge,decreasing risk,Water temperature (5 days ago),increasing risk,Rain and high tide combination,decreasing risk,Air temperature (2 days ago),increasing risk,Water temperature,increasing risk,Air temperature (1 day ago),increasing risk,Mean wave direction,increasing risk,Rainfall today,decreasing risk,Alongshore wind (2 days ago),increasing risk,Water temperature (2 days ago),increasing risk,Wave height (2 days ago),increasing risk,0.0,0.0,15.0,32.8,19.6,23.3,0.66,1.76,0.0,low,,2026-10-07,0.1917,Safe,5,<10 MPN/100mL,Onshore wave energy (2 days ago),increasing risk,Rain and high tide combination,decreasing risk,Daytime high temperature,increasing risk,River discharge,decreasing risk,High tide timing,decreasing risk,Water temperature,increasing risk,Alongshore wind (2 days ago),increasing risk,Air temperature,increasing risk,Onshore wave energy today,increasing risk,Water temperature (5 days ago),increasing risk,Tidal range,decreasing risk,Mean wave direction,increasing risk,Alongshore wind today,increasing risk,Air temperature (1 day ago),increasing risk,Solar radiation (5 days ago),decreasing risk,0.0,0.0,12.0,32.2,19.7,23.3,0.66,1.73,0.0,low,,2026-10-08,0.1487,Safe,5,<10 MPN/100mL,Onshore wave energy (2 days ago),increasing risk,Daytime high temperature,increasing risk,High tide timing,increasing risk,Rain and high tide combination,decreasing risk,River discharge,decreasing risk,Air temperature (5 days ago),decreasing risk,Air temperature (4 days ago),increasing risk,Mean wave direction,increasing risk,Wave height (2 days ago),increasing risk,Wave height,decreasing risk,Alongshore wind (3 days ago),increasing risk,Tidal range,decreasing risk,Water temperature (2 days ago),increasing risk,Onshore wind (1 day ago),decreasing risk,Water temperature,increasing risk,0.0,0.0,14.0,30.8,19.5,23.3,0.66,1.66,1.0,low,
SMB-7-9,SMB-7-9,33.70936,-118.28302,2026-10-06,0.1795,Safe,5,<10 MPN/100mL,High tide timing,decreasing risk,Onshore wave energy (2 days ago),increasing risk,Air temperature (1 day ago),increasing risk,River discharge,decreasing risk,Rain and high tide combination,decreasing risk,Rainfall today,decreasing risk,Wave height,decreasing risk,Wave height (2 days ago),increasing risk,Water temperature,increasing risk,Water temperature (5 days ago),increasing risk,Onshore wave energy today,increasing risk,Alongshore wind (3 days ago),increasing risk,Alongshore wind (2 days ago),increasing risk,Water temperature (2 days ago),increasing risk,Air temperature (2 days ago),increasing risk,0.0,0.0,17.0,36.1,19.7,23.3,0.57,1.78,0.0,low,,2026-10-07,0.2405,Safe,8,<10 MPN/100mL,High tide timing,decreasing risk,Air temperature (5 days ago),increasing risk,Onshore wave energy (2 days ago),increasing risk,Rain and high tide combination,decreasing risk,River discharge,decreasing risk,Water temperature,increasing risk,Alongshore wind (2 days ago),increasing risk,Daytime high temperature,increasing risk,Onshore wave energy today,increasing risk,Low tide level,decreasing risk,Wave height (2 days ago),increasing risk,Wave period (3 days ago),increasing risk,Air temperature,increasing risk,Air temperature (2 days ago),decreasing risk,Water temperature (5 days ago),increasing risk,0.0,0.0,15.0,33.0,19.9,23.3,0.57,1.76,0.0,low,,2026-10-08,0.1544,Safe,5,<10 MPN/100mL,High tide timing,increasing risk,Onshore wave energy (2 days ago),increasing risk,River discharge,decreasing risk,Rain and high tide combination,decreasing risk,Air temperature (5 days ago),decreasing risk,Daytime high temperature,increasing risk,Air temperature (4 days ago),increasing risk,Wave height,decreasing risk,Alongshore wind (3 days ago),increasing risk,Wave height (2 days ago),increasing risk,Wind direction,decreasing risk,Air temperature (1 day ago),decreasing risk,Alongshore wind (2 days ago),increasing risk,Low tide level,decreasing risk,Water temperature (2 days ago),increasing risk,0.0,0.0,15.0,32.2,19.8,23.3,0.57,1.7,1.0,low,
WP0000037,"WP0000037-Goleta Beach, Santa Barbara",34.4248,-119.829,2026-10-06,0.1997,Safe,5,<10 MPN/100mL,High tide timing,decreasing risk,Daytime high temperature,decreasing risk,Air temperature (1 day ago),increasing risk,Onshore wave energy (2 days ago),increasing risk,River discharge,decreasing risk,Rainfall today,decreasing risk,Rain and high tide combination,decreasing risk,Wave height (2 days ago),increasing risk,Alongshore wind (2 days ago),decreasing risk,Wave height,decreasing risk,Tide level at sample time,decreasing risk,Solar radiation (5 days ago),increasing risk,Water temperature,increasing risk,Wind speed (2 days ago),decreasing risk,Water temperature (5 days ago),increasing risk,0.0,0.0,12.0,31.0,19.4,23.3,0.66,1.74,0.0,moderate,,2026-10-07,0.2578,Safe,9,<10 MPN/100mL,High tide timing,decreasing risk,Rain and high tide combination,decreasing risk,Daytime high temperature,increasing risk,Onshore wave energy (2 days ago),increasing risk,River discharge,decreasing risk,Water temperature,increasing risk,Wave height (2 days ago),increasing risk,Wind speed,decreasing risk,Overnight low temperature,decreasing risk,River discharge (5 days ago),increasing risk,Water temperature (1 day ago),increasing risk,Low tide level,decreasing risk,Water temperature (5 days ago),increasing risk,Wave height,decreasing risk,Onshore wave energy today,increasing risk,0.0,0.0,10.0,37.2,19.9,23.3,0.66,1.68,0.0,moderate,,2026-10-08,0.2513,Safe,8,<10 MPN/100mL,High tide timing,increasing risk,Air temperature (5 days ago),decreasing risk,Rain and high tide combination,decreasing risk,Onshore wave energy (2 days ago),increasing risk,River discharge,decreasing risk,Daytime high temperature,increasing risk,Wind direction,decreasing risk,Air temperature (1 day ago),decreasing risk,Alongshore wind today,increasing risk,Wave height (2 days ago),increasing risk,Air temperature (4 days ago),increasing risk,Water temperature,increasing risk,Onshore wind today,decreasing risk,High tide level,decreasing risk,Wind speed (1 day ago),increasing risk,0.0,0.0,10.0,35.5,19.8,23.3,0.66,1.6,1.0,moderate,
