StationCode,StationName,Latitude,Longitude,day1_date,day1_probability,day1_prediction,day1_mpn,day1_mpn_label,day1_top_factor_1,day1_top_factor_2,day1_top_factor_3,day1_last_result,day1_days_since_sample,day1_insight,day1_top_factor_4,day1_top_factor_5,day1_top_factor_6,day1_top_factor_7,day1_top_factor_8,day1_top_factor_9,day1_top_factor_10,day1_top_factor_11,day1_top_factor_12,day1_top_factor_13,day1_top_factor_14,day1_top_factor_15,day1_shap_direction_1,day1_shap_direction_2,day1_shap_direction_3,day1_shap_direction_4,day1_shap_direction_5,day1_shap_direction_6,day1_shap_direction_7,day1_shap_direction_8,day1_shap_direction_9,day1_shap_direction_10,day1_shap_direction_11,day1_shap_direction_12,day1_shap_direction_13,day1_shap_direction_14,day1_shap_direction_15,day1_rain_today_mm,day1_rain_prior3d_mm,day1_wind_kph,day1_air_temp_c,day1_solar_mj,day1_water_temp_c,day1_wave_height_m,day1_tide_range_m,day1_spring_tide,day1_river_flow,day1_cso_dist_km,day2_date,day2_probability,day2_prediction,day2_mpn,day2_mpn_label,day2_top_factor_1,day2_top_factor_2,day2_top_factor_3,day2_last_result,day2_days_since_sample,day2_insight,day2_top_factor_4,day2_top_factor_5,day2_top_factor_6,day2_top_factor_7,day2_top_factor_8,day2_top_factor_9,day2_top_factor_10,day2_top_factor_11,day2_top_factor_12,day2_top_factor_13,day2_top_factor_14,day2_top_factor_15,day2_shap_direction_1,day2_shap_direction_2,day2_shap_direction_3,day2_shap_direction_4,day2_shap_direction_5,day2_shap_direction_6,day2_shap_direction_7,day2_shap_direction_8,day2_shap_direction_9,day2_shap_direction_10,day2_shap_direction_11,day2_shap_direction_12,day2_shap_direction_13,day2_shap_direction_14,day2_shap_direction_15,day2_rain_today_mm,day2_rain_prior3d_mm,day2_wind_kph,day2_air_temp_c,day2_solar_mj,day2_water_temp_c,day2_wave_height_m,day2_tide_range_m,day2_spring_tide,day2_river_flow,day2_cso_dist_km,day3_date,day3_probability,day3_prediction,day3_mpn,day3_mpn_label,day3_top_factor_1,day3_top_factor_2,day3_top_factor_3,day3_last_result,day3_days_since_sample,day3_insight,day3_top_factor_4,day3_top_factor_5,day3_top_factor_6,day3_top_factor_7,day3_top_factor_8,day3_top_factor_9,day3_top_factor_10,day3_top_factor_11,day3_top_factor_12,day3_top_factor_13,day3_top_factor_14,day3_top_factor_15,day3_shap_direction_1,day3_shap_direction_2,day3_shap_direction_3,day3_shap_direction_4,day3_shap_direction_5,day3_shap_direction_6,day3_shap_direction_7,day3_shap_direction_8,day3_shap_direction_9,day3_shap_direction_10,day3_shap_direction_11,day3_shap_direction_12,day3_shap_direction_13,day3_shap_direction_14,day3_shap_direction_15,day3_rain_today_mm,day3_rain_prior3d_mm,day3_wind_kph,day3_air_temp_c,day3_solar_mj,day3_water_temp_c,day3_wave_height_m,day3_tide_range_m,day3_spring_tide,day3_river_flow,day3_cso_dist_km
SMB-2-10,SMB-2-10,33.95702,-118.45196,2026-09-27,0.4066,Safe,10,10 MPN/100mL,Hours since high tide,Seasonal pattern,High tide level,10.0,5,"There's been no rain at all lately, so there's no runoff driving contamination, and strong summer sunlight is helping disinfect the water. The model's main signals right now: hours since high tide is raising risk — the timing relative to high tide affects how concentrated bacteria are at the shoreline; seasonal pattern is raising risk — seasonal patterns (wet winters vs dry summers) set the baseline risk; and high tide level is raising risk — a high tide can mobilize bacteria held in wet sand and push the waterline toward outfalls. The most recent sample, 5 days ago, was excellent at 10 MPN/100mL.",Rainfall today,Solar radiation today,2-day cumulative rainfall,Wave height (2 days ago),Yesterday rainfall,Onshore wave energy (2 days ago),Wave height,Wave period (5 days ago),Alongshore wave energy (2 days ago),River discharge (2 days ago),Overnight low temperature,Onshore wave energy (3 days ago),increasing risk,increasing risk,increasing risk,decreasing risk,increasing risk,decreasing risk,increasing risk,decreasing risk,increasing risk,decreasing risk,increasing risk,increasing risk,increasing risk,increasing risk,increasing risk,0.0,0.0,12.0,25.4,9.8,22.8,0.8,1.72,1.0,low,,2026-09-26,0.3799,Safe,10,10 MPN/100mL,Hours since high tide,Seasonal pattern,Rainfall today,10.0,4,"There's been no rain at all lately, so there's no runoff driving contamination, and strong summer sunlight is helping disinfect the water. The model's main signals right now: hours since high tide is raising risk — the timing relative to high tide affects how concentrated bacteria are at the shoreline; seasonal pattern is raising risk — seasonal patterns (wet winters vs dry summers) set the baseline risk; and no rain has fallen, so nothing is washing off the land into the surf. The most recent sample, 4 days ago, was excellent at 10 MPN/100mL.",Solar radiation (1 day ago),2-day cumulative rainfall,Wave height (2 days ago),Yesterday rainfall,Tidal range,Solar radiation today,River discharge (2 days ago),Wave height,High tide level,Onshore wave energy (2 days ago),Wave period (5 days ago),Lunar cycle,increasing risk,increasing risk,decreasing risk,increasing risk,decreasing risk,increasing risk,decreasing risk,decreasing risk,increasing risk,increasing risk,decreasing risk,decreasing risk,increasing risk,increasing risk,increasing risk,0.0,0.0,15.0,25.1,21.2,22.8,0.8,1.56,0.0,,,2026-09-25,0.3619,Safe,10,10 MPN/100mL,Seasonal pattern,Rainfall today,2-day cumulative rainfall,10.0,10,"There's been no rain at all lately, so there's no runoff driving contamination, and strong summer sunlight is helping disinfect the water. The model's main signals right now: seasonal pattern is raising risk — seasonal patterns (wet winters vs dry summers) set the baseline risk; no rain has fallen, so nothing is washing off the land into the surf; and limited sunlight is raising risk (less UV to disinfect the water). The last lab sample (10 MPN/100mL) is now 10 days old — beaches are sampled about weekly, so a reading this stale carries little weight, and this estimate leans on current conditions.",Solar radiation (1 day ago),High tide level,Solar radiation today,Yesterday rainfall,Average wave period,River discharge (2 days ago),River discharge (4 days ago),River discharge (1 day ago),Daytime high temperature,Wave height (2 days ago),Onshore wave energy (2 days ago),River discharge (3 days ago),increasing risk,decreasing risk,decreasing risk,increasing risk,decreasing risk,increasing risk,decreasing risk,increasing risk,increasing risk,increasing risk,increasing risk,increasing risk,increasing risk,increasing risk,increasing risk,0.0,0.0,17.0,22.8,9.6,22.8,0.8,1.58,1.0,,
SMB-2-11,SMB-2-11,33.9444,-118.4442,2026-09-27,0.4063,Safe,10,10 MPN/100mL,Hours since high tide,Seasonal pattern,High tide level,5.0,5,"There's been no rain at all lately, so there's no runoff driving contamination, and strong summer sunlight is helping disinfect the water. The model's main signals right now: hours since high tide is raising risk — the timing relative to high tide affects how concentrated bacteria are at the shoreline; seasonal pattern is raising risk — seasonal patterns (wet winters vs dry summers) set the baseline risk; and high tide level is raising risk — a high tide can mobilize bacteria held in wet sand and push the waterline toward outfalls. The most recent sample, 5 days ago, was excellent at 5 MPN/100mL.",Solar radiation today,Rainfall today,2-day cumulative rainfall,Wave height (2 days ago),Yesterday rainfall,Onshore wave energy (2 days ago),Wave height,Wave period (5 days ago),Alongshore wave energy (2 days ago),Overnight low temperature,Solar radiation (1 day ago),River discharge (2 days ago),increasing risk,increasing risk,increasing risk,increasing risk,decreasing risk,decreasing risk,increasing risk,decreasing risk,increasing risk,decreasing risk,increasing risk,increasing risk,increasing risk,decreasing risk,increasing risk,0.0,0.0,13.0,25.0,10.0,22.8,0.8,1.72,1.0,low,,2026-09-26,0.3839,Safe,10,10 MPN/100mL,Hours since high tide,Seasonal pattern,Rainfall today,5.0,4,"There's been no rain at all lately, so there's no runoff driving contamination, and strong summer sunlight is helping disinfect the water. The model's main signals right now: hours since high tide is raising risk — the timing relative to high tide affects how concentrated bacteria are at the shoreline; seasonal pattern is raising risk — seasonal patterns (wet winters vs dry summers) set the baseline risk; and no rain has fallen, so nothing is washing off the land into the surf. The most recent sample, 4 days ago, was excellent at 5 MPN/100mL.",2-day cumulative rainfall,Solar radiation (1 day ago),Wave height (2 days ago),Yesterday rainfall,Tidal range,Solar radiation today,River discharge (2 days ago),Wave height,High tide level,Onshore wave energy (2 days ago),Wave period (5 days ago),Lunar cycle,increasing risk,increasing risk,decreasing risk,decreasing risk,increasing risk,increasing risk,decreasing risk,decreasing risk,increasing risk,increasing risk,decreasing risk,decreasing risk,increasing risk,increasing risk,increasing risk,0.0,0.0,14.0,25.2,21.1,22.8,0.8,1.56,0.0,,,2026-09-25,0.3021,Safe,10,10 MPN/100mL,Seasonal pattern,Solar radiation (1 day ago),Rainfall today,10.0,10,"There's been no rain at all lately, so there's no runoff driving contamination, and strong summer sunlight is helping disinfect the water. The model's main signals right now: seasonal pattern is raising risk — seasonal patterns (wet winters vs dry summers) set the baseline risk; limited sunlight is raising risk (less UV to disinfect the water); and no rain has fallen, so nothing is washing off the land into the surf. The last lab sample (10 MPN/100mL) is now 10 days old — beaches are sampled about weekly, so a reading this stale carries little weight, and this estimate leans on current conditions.",2-day cumulative rainfall,High tide level,Solar radiation today,Yesterday rainfall,Average wave period,River discharge (2 days ago),Onshore wave energy (2 days ago),Tidal range,Hours since high tide,River discharge (1 day ago),Wave height (2 days ago),Onshore wave energy today,increasing risk,increasing risk,decreasing risk,decreasing risk,decreasing risk,increasing risk,decreasing risk,increasing risk,increasing risk,increasing risk,decreasing risk,decreasing risk,increasing risk,increasing risk,increasing risk,0.0,0.0,17.0,23.1,11.0,22.8,0.8,1.58,1.0,,
DHS110,"DHS110-Dockweiler State Beach, Los Angeles",33.9406,-118.442,2026-09-27,0.31,Safe,10,10 MPN/100mL,Hours since high tide,Seasonal pattern,Rainfall today,10.0,6,"There's been no rain at all lately, so there's no runoff driving contamination, and strong summer sunlight is helping disinfect the water. The model's main signals right now: hours since high tide is raising risk — the timing relative to high tide affects how concentrated bacteria are at the shoreline; seasonal pattern is raising risk — seasonal patterns (wet winters vs dry summers) set the baseline risk; and no rain has fallen, so nothing is washing off the land into the surf. The most recent sample, 6 days ago, was excellent at 10 MPN/100mL.",2-day cumulative rainfall,Solar radiation today,High tide level,Wave height (2 days ago),Onshore wave energy (2 days ago),Yesterday rainfall,Tidal range,Solar radiation (1 day ago),Wave height,Wave period (5 days ago),Onshore wave energy (3 days ago),River discharge (2 days ago),increasing risk,increasing risk,decreasing risk,decreasing risk,increasing risk,increasing risk,increasing risk,increasing risk,decreasing risk,decreasing risk,decreasing risk,decreasing risk,increasing risk,increasing risk,increasing risk,0.0,0.0,13.0,25.0,10.0,22.8,0.8,1.72,1.0,low,,2026-09-26,0.305,Safe,10,10 MPN/100mL,Hours since high tide,Seasonal pattern,Solar radiation (1 day ago),10.0,5,"There's been no rain at all lately, so there's no runoff driving contamination, and strong summer sunlight is helping disinfect the water. The model's main signals right now: hours since high tide is raising risk — the timing relative to high tide affects how concentrated bacteria are at the shoreline; seasonal pattern is raising risk — seasonal patterns (wet winters vs dry summers) set the baseline risk; and limited sunlight is raising risk (less UV to disinfect the water). The most recent sample, 5 days ago, was excellent at 10 MPN/100mL.",High tide level,Rainfall today,2-day cumulative rainfall,Wave height (2 days ago),Yesterday rainfall,Tidal range,Onshore wave energy (2 days ago),River discharge (2 days ago),Air temperature (2 days ago),Wave period (5 days ago),Solar radiation today,Wave height,increasing risk,increasing risk,increasing risk,decreasing risk,decreasing risk,decreasing risk,increasing risk,decreasing risk,decreasing risk,increasing risk,increasing risk,increasing risk,increasing risk,increasing risk,decreasing risk,0.0,0.0,14.0,25.2,21.1,22.8,0.8,1.56,0.0,,,2026-09-25,0.2115,Safe,5,<10 MPN/100mL,Solar radiation (1 day ago),Seasonal pattern,High tide level,10.0,4,"There's been no rain at all lately, so there's no runoff driving contamination, and strong summer sunlight is helping disinfect the water. The model's main signals right now: limited sunlight is raising risk (less UV to disinfect the water); seasonal pattern is raising risk — seasonal patterns (wet winters vs dry summers) set the baseline risk; and high tide level is lowering risk — a high tide can mobilize bacteria held in wet sand and push the waterline toward outfalls. The most recent sample, 4 days ago, was excellent at 10 MPN/100mL.",2-day cumulative rainfall,Rainfall today,Wave height (2 days ago),Onshore wave energy (2 days ago),Yesterday rainfall,Solar radiation today,Rain and high tide combination,Tidal range,Onshore wave energy (3 days ago),Overnight low temperature,Hours since high tide,Alongshore wind (3 days ago),increasing risk,increasing risk,decreasing risk,decreasing risk,decreasing risk,increasing risk,increasing risk,decreasing risk,increasing risk,decreasing risk,decreasing risk,increasing risk,increasing risk,decreasing risk,decreasing risk,0.0,0.0,17.0,23.1,11.0,22.8,0.8,1.58,1.0,,
SMB-2-13,SMB-2-13,33.93071,-118.43711,2026-09-27,0.4063,Safe,10,10 MPN/100mL,Hours since high tide,Seasonal pattern,High tide level,5.0,5,"There's been no rain at all lately, so there's no runoff driving contamination, and strong summer sunlight is helping disinfect the water. The model's main signals right now: hours since high tide is raising risk — the timing relative to high tide affects how concentrated bacteria are at the shoreline; seasonal pattern is raising risk — seasonal patterns (wet winters vs dry summers) set the baseline risk; and high tide level is raising risk — a high tide can mobilize bacteria held in wet sand and push the waterline toward outfalls. The most recent sample, 5 days ago, was excellent at 5 MPN/100mL.",Solar radiation today,Rainfall today,2-day cumulative rainfall,Wave height (2 days ago),Yesterday rainfall,Onshore wave energy (2 days ago),Wave height,Wave period (5 days ago),Alongshore wave energy (2 days ago),Overnight low temperature,Solar radiation (1 day ago),River discharge (2 days ago),increasing risk,increasing risk,increasing risk,increasing risk,decreasing risk,decreasing risk,increasing risk,decreasing risk,increasing risk,decreasing risk,increasing risk,increasing risk,increasing risk,decreasing risk,increasing risk,0.0,0.0,13.0,25.0,10.0,22.8,0.8,1.72,1.0,low,,2026-09-26,0.3839,Safe,10,10 MPN/100mL,Hours since high tide,Seasonal pattern,Rainfall today,5.0,4,"There's been no rain at all lately, so there's no runoff driving contamination, and strong summer sunlight is helping disinfect the water. The model's main signals right now: hours since high tide is raising risk — the timing relative to high tide affects how concentrated bacteria are at the shoreline; seasonal pattern is raising risk — seasonal patterns (wet winters vs dry summers) set the baseline risk; and no rain has fallen, so nothing is washing off the land into the surf. The most recent sample, 4 days ago, was excellent at 5 MPN/100mL.",2-day cumulative rainfall,Solar radiation (1 day ago),Wave height (2 days ago),Yesterday rainfall,Tidal range,Solar radiation today,River discharge (2 days ago),Wave height,High tide level,Onshore wave energy (2 days ago),Wave period (5 days ago),Lunar cycle,increasing risk,increasing risk,decreasing risk,decreasing risk,increasing risk,increasing risk,decreasing risk,decreasing risk,increasing risk,increasing risk,decreasing risk,decreasing risk,increasing risk,increasing risk,increasing risk,0.0,0.0,14.0,25.2,21.1,22.8,0.8,1.56,0.0,,,2026-09-25,0.3021,Safe,10,10 MPN/100mL,Seasonal pattern,Solar radiation (1 day ago),Rainfall today,10.0,10,"There's been no rain at all lately, so there's no runoff driving contamination, and strong summer sunlight is helping disinfect the water. The model's main signals right now: seasonal pattern is raising risk — seasonal patterns (wet winters vs dry summers) set the baseline risk; limited sunlight is raising risk (less UV to disinfect the water); and no rain has fallen, so nothing is washing off the land into the surf. The last lab sample (10 MPN/100mL) is now 10 days old — beaches are sampled about weekly, so a reading this stale carries little weight, and this estimate leans on current conditions.",2-day cumulative rainfall,High tide level,Solar radiation today,Yesterday rainfall,Average wave period,River discharge (2 days ago),Onshore wave energy (2 days ago),Tidal range,Hours since high tide,River discharge (1 day ago),Wave height (2 days ago),Onshore wave energy today,increasing risk,increasing risk,decreasing risk,decreasing risk,decreasing risk,increasing risk,decreasing risk,increasing risk,increasing risk,increasing risk,decreasing risk,decreasing risk,increasing risk,increasing risk,increasing risk,0.0,0.0,17.0,23.1,11.0,22.8,0.8,1.58,1.0,,
DHS111,"DHS111-Dockweiler State Beach, Los Angeles",33.9233,-118.433,2026-09-27,0.3102,Safe,10,10 MPN/100mL,Hours since high tide,Seasonal pattern,Rainfall today,5.0,6,"There's been no rain at all lately, so there's no runoff driving contamination, and strong summer sunlight is helping disinfect the water. The model's main signals right now: hours since high tide is raising risk — the timing relative to high tide affects how concentrated bacteria are at the shoreline; seasonal pattern is raising risk — seasonal patterns (wet winters vs dry summers) set the baseline risk; and no rain has fallen, so nothing is washing off the land into the surf. The most recent sample, 6 days ago, was excellent at 5 MPN/100mL. It's a naturally clean, well-flushed open-coast beach (unsafe only ~3% of the time), so outside of storms it's reliably safe.",2-day cumulative rainfall,Solar radiation today,Wave height (2 days ago),High tide level,Onshore wave energy (2 days ago),Yesterday rainfall,Tidal range,Wave height,Wave period (5 days ago),Wave period (4 days ago),River discharge (2 days ago),Overnight low temperature,increasing risk,increasing risk,decreasing risk,decreasing risk,increasing risk,increasing risk,increasing risk,increasing risk,decreasing risk,decreasing risk,decreasing risk,increasing risk,increasing risk,increasing risk,increasing risk,0.0,0.0,14.0,24.4,10.1,22.8,0.8,1.72,1.0,low,,2026-09-26,0.311,Safe,10,10 MPN/100mL,Hours since high tide,Seasonal pattern,Solar radiation (1 day ago),5.0,5,"There's been no rain at all lately, so there's no runoff driving contamination, and strong summer sunlight is helping disinfect the water. The model's main signals right now: hours since high tide is raising risk — the timing relative to high tide affects how concentrated bacteria are at the shoreline; seasonal pattern is raising risk — seasonal patterns (wet winters vs dry summers) set the baseline risk; and limited sunlight is raising risk (less UV to disinfect the water). The most recent sample, 5 days ago, was excellent at 5 MPN/100mL. It's a naturally clean, well-flushed open-coast beach (unsafe only ~3% of the time), so outside of storms it's reliably safe.",2-day cumulative rainfall,Rainfall today,High tide level,Wave height (2 days ago),Tidal range,Yesterday rainfall,Onshore wave energy (2 days ago),River discharge (2 days ago),Wave period (5 days ago),Air temperature (2 days ago),Solar radiation today,Wave height,increasing risk,increasing risk,increasing risk,decreasing risk,decreasing risk,decreasing risk,increasing risk,decreasing risk,decreasing risk,increasing risk,increasing risk,increasing risk,increasing risk,increasing risk,decreasing risk,0.0,0.0,14.0,25.1,21.3,22.8,0.8,1.56,0.0,,,2026-09-25,0.2134,Safe,5,<10 MPN/100mL,Solar radiation (1 day ago),Seasonal pattern,High tide level,5.0,4,"There's been no rain at all lately, so there's no runoff driving contamination, and strong summer sunlight is helping disinfect the water. The model's main signals right now: limited sunlight is raising risk (less UV to disinfect the water); seasonal pattern is raising risk — seasonal patterns (wet winters vs dry summers) set the baseline risk; and high tide level is lowering risk — a high tide can mobilize bacteria held in wet sand and push the waterline toward outfalls. The most recent sample, 4 days ago, was excellent at 5 MPN/100mL. It's a naturally clean, well-flushed open-coast beach (unsafe only ~3% of the time), so outside of storms it's reliably safe.",2-day cumulative rainfall,Rainfall today,Yesterday rainfall,Wave height (2 days ago),Onshore wave energy (2 days ago),Solar radiation today,Hours since high tide,Rain and high tide combination,Overnight low temperature,Tidal range,Onshore wave energy (3 days ago),Onshore wind (1 day ago),increasing risk,increasing risk,decreasing risk,decreasing risk,decreasing risk,decreasing risk,increasing risk,increasing risk,increasing risk,decreasing risk,decreasing risk,increasing risk,decreasing risk,increasing risk,increasing risk,0.0,0.0,17.0,22.8,10.4,22.8,0.8,1.58,1.0,,
DHS112,"DHS112-Dockweiler State Beach, Los Angeles",33.9159,-118.429,2026-09-27,0.4359,Safe,10,10 MPN/100mL,Hours since high tide,Seasonal pattern,High tide level,5.0,6,"There's been no rain at all lately, so there's no runoff driving contamination, and strong summer sunlight is helping disinfect the water. The model's main signals right now: hours since high tide is raising risk — the timing relative to high tide affects how concentrated bacteria are at the shoreline; seasonal pattern is raising risk — seasonal patterns (wet winters vs dry summers) set the baseline risk; and high tide level is raising risk — a high tide can mobilize bacteria held in wet sand and push the waterline toward outfalls. The most recent sample, 6 days ago, was excellent at 5 MPN/100mL.",Solar radiation today,Rainfall today,2-day cumulative rainfall,Wave height,Yesterday rainfall,Overnight low temperature,Alongshore wave energy (2 days ago),Wind gusts,River discharge (2 days ago),Onshore wave energy today,Wave period (5 days ago),Air temperature (2 days ago),increasing risk,increasing risk,increasing risk,increasing risk,decreasing risk,decreasing risk,decreasing risk,decreasing risk,increasing risk,increasing risk,increasing risk,increasing risk,increasing risk,increasing risk,increasing risk,0.0,0.0,14.0,24.4,10.1,22.8,0.8,1.72,1.0,low,,2026-09-26,0.4115,Safe,10,10 MPN/100mL,Hours since high tide,Seasonal pattern,Rainfall today,5.0,5,"There's been no rain at all lately, so there's no runoff driving contamination, and strong summer sunlight is helping disinfect the water. The model's main signals right now: hours since high tide is raising risk — the timing relative to high tide affects how concentrated bacteria are at the shoreline; seasonal pattern is raising risk — seasonal patterns (wet winters vs dry summers) set the baseline risk; and no rain has fallen, so nothing is washing off the land into the surf. The most recent sample, 5 days ago, was excellent at 5 MPN/100mL.",2-day cumulative rainfall,Solar radiation (1 day ago),Yesterday rainfall,Tidal range,River discharge (2 days ago),Solar radiation today,Wave height,Overnight low temperature,Alongshore wave energy (2 days ago),Wind gusts,Onshore wave energy (1 day ago),Air temperature (2 days ago),increasing risk,increasing risk,decreasing risk,decreasing risk,increasing risk,decreasing risk,decreasing risk,increasing risk,increasing risk,decreasing risk,increasing risk,increasing risk,increasing risk,decreasing risk,increasing risk,0.0,0.0,14.0,25.1,21.3,22.8,0.8,1.56,0.0,,,2026-09-25,0.2943,Safe,10,10 MPN/100mL,Seasonal pattern,Rainfall today,2-day cumulative rainfall,5.0,4,"There's been no rain at all lately, so there's no runoff driving contamination, and strong summer sunlight is helping disinfect the water. The model's main signals right now: seasonal pattern is raising risk — seasonal patterns (wet winters vs dry summers) set the baseline risk; no rain has fallen, so nothing is washing off the land into the surf; and high tide level is lowering risk — a high tide can mobilize bacteria held in wet sand and push the waterline toward outfalls. The most recent sample, 4 days ago, was excellent at 5 MPN/100mL.",High tide level,Solar radiation today,Yesterday rainfall,Solar radiation (1 day ago),Overnight low temperature,Wave height (2 days ago),Average wave period,Rain and high tide combination,River discharge (2 days ago),Tidal range,River discharge (4 days ago),High river flow,increasing risk,decreasing risk,decreasing risk,decreasing risk,increasing risk,decreasing risk,increasing risk,increasing risk,increasing risk,increasing risk,decreasing risk,increasing risk,decreasing risk,increasing risk,decreasing risk,0.0,0.0,17.0,22.8,10.4,22.8,0.8,1.58,1.0,,
DHS112B,"DHS112B-Dockweiler State Beach, Los Angeles",33.9153,-118.43,2026-09-27,0.4107,Safe,10,10 MPN/100mL,Hours since high tide,Seasonal pattern,High tide level,5.0,6,"There's been no rain at all lately, so there's no runoff driving contamination, and strong summer sunlight is helping disinfect the water. The model's main signals right now: hours since high tide is raising risk — the timing relative to high tide affects how concentrated bacteria are at the shoreline; seasonal pattern is raising risk — seasonal patterns (wet winters vs dry summers) set the baseline risk; and high tide level is raising risk — a high tide can mobilize bacteria held in wet sand and push the waterline toward outfalls. The most recent sample, 6 days ago, was excellent at 5 MPN/100mL. It's a naturally clean, well-flushed open-coast beach (unsafe only ~4% of the time), so outside of storms it's reliably safe.",Solar radiation today,Rainfall today,2-day cumulative rainfall,Wave height (2 days ago),Yesterday rainfall,Wave height,Overnight low temperature,Onshore wave energy (2 days ago),Wave period (5 days ago),River discharge (2 days ago),Onshore wave energy today,Wave period (4 days ago),increasing risk,increasing risk,increasing risk,increasing risk,decreasing risk,decreasing risk,increasing risk,decreasing risk,decreasing risk,increasing risk,increasing risk,increasing risk,increasing risk,increasing risk,increasing risk,0.0,0.0,14.0,24.4,10.1,22.8,0.8,1.72,1.0,low,,2026-09-26,0.396,Safe,10,10 MPN/100mL,Hours since high tide,Seasonal pattern,Rainfall today,5.0,5,"There's been no rain at all lately, so there's no runoff driving contamination, and strong summer sunlight is helping disinfect the water. The model's main signals right now: hours since high tide is raising risk — the timing relative to high tide affects how concentrated bacteria are at the shoreline; seasonal pattern is raising risk — seasonal patterns (wet winters vs dry summers) set the baseline risk; and no rain has fallen, so nothing is washing off the land into the surf. The most recent sample, 5 days ago, was excellent at 5 MPN/100mL. It's a naturally clean, well-flushed open-coast beach (unsafe only ~4% of the time), so outside of storms it's reliably safe.",Solar radiation (1 day ago),2-day cumulative rainfall,Wave height (2 days ago),Yesterday rainfall,Tidal range,Solar radiation today,River discharge (2 days ago),Wave height,Onshore wave energy (2 days ago),High tide level,Wave period (5 days ago),Air temperature (2 days ago),increasing risk,increasing risk,decreasing risk,increasing risk,decreasing risk,increasing risk,decreasing risk,decreasing risk,increasing risk,increasing risk,decreasing risk,increasing risk,decreasing risk,increasing risk,increasing risk,0.0,0.0,14.0,25.1,21.3,22.8,0.8,1.56,0.0,,,2026-09-25,0.2889,Safe,10,10 MPN/100mL,Seasonal pattern,Solar radiation (1 day ago),Rainfall today,5.0,4,"There's been no rain at all lately, so there's no runoff driving contamination, and strong summer sunlight is helping disinfect the water. The model's main signals right now: seasonal pattern is raising risk — seasonal patterns (wet winters vs dry summers) set the baseline risk; limited sunlight is raising risk (less UV to disinfect the water); and no rain has fallen, so nothing is washing off the land into the surf. The most recent sample, 4 days ago, was excellent at 5 MPN/100mL. It's a naturally clean, well-flushed open-coast beach (unsafe only ~4% of the time), so outside of storms it's reliably safe.",2-day cumulative rainfall,Wave height (2 days ago),Solar radiation today,Yesterday rainfall,High tide level,Overnight low temperature,Onshore wave energy (2 days ago),Onshore wave energy (3 days ago),Rain and high tide combination,Tidal range,Average wave period,Wave period (5 days ago),increasing risk,increasing risk,decreasing risk,decreasing risk,increasing risk,increasing risk,decreasing risk,decreasing risk,increasing risk,increasing risk,increasing risk,decreasing risk,decreasing risk,increasing risk,increasing risk,0.0,0.0,17.0,22.8,10.4,22.8,0.8,1.58,1.0,,
DHS113,"DHS113-Manhattan Beach, Los Angeles",33.8945,-118.418,2026-09-27,0.2978,Safe,10,10 MPN/100mL,Hours since high tide,Seasonal pattern,Rainfall today,10.0,4,"There's been no rain at all lately, so there's no runoff driving contamination, and strong summer sunlight is helping disinfect the water. The model's main signals right now: hours since high tide is raising risk — the timing relative to high tide affects how concentrated bacteria are at the shoreline; seasonal pattern is raising risk — seasonal patterns (wet winters vs dry summers) set the baseline risk; and no rain has fallen, so nothing is washing off the land into the surf. The most recent sample, 4 days ago, was excellent at 10 MPN/100mL.",2-day cumulative rainfall,Solar radiation today,Wave height (2 days ago),Onshore wave energy (2 days ago),High tide level,Yesterday rainfall,Tidal range,Wave height,Wave period (5 days ago),River discharge (2 days ago),Tide level at sample time,Solar radiation (1 day ago),increasing risk,increasing risk,decreasing risk,decreasing risk,increasing risk,increasing risk,increasing risk,increasing risk,decreasing risk,decreasing risk,decreasing risk,increasing risk,increasing risk,decreasing risk,decreasing risk,0.0,0.0,14.0,24.4,10.1,22.8,0.8,1.72,1.0,low,,2026-09-26,0.3122,Safe,10,10 MPN/100mL,Hours since high tide,Seasonal pattern,Solar radiation (1 day ago),10.0,3,"There's been no rain at all lately, so there's no runoff driving contamination, and strong summer sunlight is helping disinfect the water. The model's main signals right now: hours since high tide is raising risk — the timing relative to high tide affects how concentrated bacteria are at the shoreline; seasonal pattern is raising risk — seasonal patterns (wet winters vs dry summers) set the baseline risk; and limited sunlight is raising risk (less UV to disinfect the water). The most recent sample, 3 days ago, was excellent at 10 MPN/100mL.",2-day cumulative rainfall,Rainfall today,High tide level,Wave height (2 days ago),Tidal range,Yesterday rainfall,Onshore wave energy (2 days ago),River discharge (2 days ago),Wave period (5 days ago),Air temperature (2 days ago),Solar radiation today,Wave height,increasing risk,increasing risk,increasing risk,decreasing risk,decreasing risk,decreasing risk,increasing risk,decreasing risk,decreasing risk,increasing risk,increasing risk,increasing risk,increasing risk,increasing risk,decreasing risk,0.0,0.0,14.0,25.1,21.3,22.8,0.8,1.56,0.0,,,2026-09-25,0.2134,Safe,5,<10 MPN/100mL,Solar radiation (1 day ago),Seasonal pattern,High tide level,5.0,4,"There's been no rain at all lately, so there's no runoff driving contamination, and strong summer sunlight is helping disinfect the water. The model's main signals right now: limited sunlight is raising risk (less UV to disinfect the water); seasonal pattern is raising risk — seasonal patterns (wet winters vs dry summers) set the baseline risk; and high tide level is lowering risk — a high tide can mobilize bacteria held in wet sand and push the waterline toward outfalls. The most recent sample, 4 days ago, was excellent at 5 MPN/100mL.",2-day cumulative rainfall,Rainfall today,Yesterday rainfall,Wave height (2 days ago),Onshore wave energy (2 days ago),Solar radiation today,Hours since high tide,Rain and high tide combination,Overnight low temperature,Tidal range,Onshore wave energy (3 days ago),Onshore wind (1 day ago),increasing risk,increasing risk,decreasing risk,decreasing risk,decreasing risk,decreasing risk,increasing risk,increasing risk,increasing risk,decreasing risk,decreasing risk,increasing risk,decreasing risk,increasing risk,increasing risk,0.0,0.0,17.0,22.8,10.4,22.8,0.8,1.58,1.0,,
DHS114,"DHS114-Hermosa Beach, Los Angeles",33.8715,-118.407,2026-09-27,0.498,Safe,20,20 MPN/100mL,Hours since high tide,High tide level,Seasonal pattern,5.0,6,"There's been no rain at all lately, so there's no runoff driving contamination, and strong summer sunlight is helping disinfect the water. The model's main signals right now: hours since high tide is raising risk — the timing relative to high tide affects how concentrated bacteria are at the shoreline; high tide level is raising risk — a high tide can mobilize bacteria held in wet sand and push the waterline toward outfalls; and seasonal pattern is raising risk — seasonal patterns (wet winters vs dry summers) set the baseline risk. The most recent sample, 6 days ago, was excellent at 5 MPN/100mL. It's a naturally clean, well-flushed open-coast beach (unsafe only ~3% of the time), so outside of storms it's reliably safe.",Solar radiation today,Rainfall today,Yesterday rainfall,2-day cumulative rainfall,Wave height (2 days ago),Onshore wave energy (2 days ago),Wave period (5 days ago),Overnight low temperature,Tidal range,High tide level (yesterday),Wave height,Alongshore wind (2 days ago),increasing risk,increasing risk,increasing risk,increasing risk,decreasing risk,decreasing risk,decreasing risk,increasing risk,increasing risk,increasing risk,increasing risk,decreasing risk,increasing risk,decreasing risk,increasing risk,0.0,0.0,16.0,25.3,10.3,22.8,0.8,1.75,1.0,low,,2026-09-26,0.4866,Safe,20,20 MPN/100mL,Hours since high tide,Seasonal pattern,Rainfall today,5.0,5,"There's been no rain at all lately, so there's no runoff driving contamination, and strong summer sunlight is helping disinfect the water. The model's main signals right now: hours since high tide is raising risk — the timing relative to high tide affects how concentrated bacteria are at the shoreline; seasonal pattern is raising risk — seasonal patterns (wet winters vs dry summers) set the baseline risk; and no rain has fallen, so nothing is washing off the land into the surf. The most recent sample, 5 days ago, was excellent at 5 MPN/100mL. It's a naturally clean, well-flushed open-coast beach (unsafe only ~3% of the time), so outside of storms it's reliably safe.",2-day cumulative rainfall,Yesterday rainfall,Solar radiation (1 day ago),Tidal range,High tide level,Wave height (2 days ago),Solar radiation today,Onshore wave energy (2 days ago),Wave period (5 days ago),Overnight low temperature,River discharge (2 days ago),Onshore wave energy (3 days ago),increasing risk,increasing risk,decreasing risk,decreasing risk,decreasing risk,increasing risk,decreasing risk,increasing risk,increasing risk,increasing risk,increasing risk,increasing risk,increasing risk,increasing risk,increasing risk,0.0,0.0,16.0,25.3,21.2,22.8,0.8,1.58,0.0,,,2026-09-25,0.4087,Safe,10,10 MPN/100mL,Solar radiation (1 day ago),Rainfall today,Yesterday rainfall,5.0,4,"There's been no rain at all lately, so there's no runoff driving contamination, and strong summer sunlight is helping disinfect the water. The model's main signals right now: limited sunlight is raising risk (less UV to disinfect the water); no rain has fallen, so nothing is washing off the land into the surf; and high tide level is lowering risk — a high tide can mobilize bacteria held in wet sand and push the waterline toward outfalls. The most recent sample, 4 days ago, was excellent at 5 MPN/100mL. It's a naturally clean, well-flushed open-coast beach (unsafe only ~3% of the time), so outside of storms it's reliably safe.",2-day cumulative rainfall,High tide level,Seasonal pattern,Solar radiation today,Overnight low temperature,Tidal range,Wave height (2 days ago),Onshore wave energy (3 days ago),Onshore wave energy (2 days ago),Hours since high tide,Wave period (5 days ago),High river flow,increasing risk,decreasing risk,decreasing risk,decreasing risk,decreasing risk,increasing risk,increasing risk,increasing risk,decreasing risk,increasing risk,increasing risk,increasing risk,increasing risk,increasing risk,decreasing risk,0.0,0.0,18.0,23.5,12.5,22.8,0.8,1.6,1.0,,
DHS115,"DHS115-Hermosa Beach, Los Angeles",33.8522,-118.399,2026-09-27,0.4941,Safe,20,20 MPN/100mL,Hours since high tide,High tide level,Seasonal pattern,41.0,4,"There's been no rain at all lately, so there's no runoff driving contamination, and strong summer sunlight is helping disinfect the water. The model's main signals right now: hours since high tide is raising risk — the timing relative to high tide affects how concentrated bacteria are at the shoreline; high tide level is raising risk — a high tide can mobilize bacteria held in wet sand and push the waterline toward outfalls; and seasonal pattern is raising risk — seasonal patterns (wet winters vs dry summers) set the baseline risk. The most recent sample, 4 days ago, was clean at 41 MPN/100mL.",Rainfall today,Solar radiation today,2-day cumulative rainfall,Yesterday rainfall,Wave height (2 days ago),Onshore wave energy (2 days ago),Alongshore wave energy (2 days ago),Overnight low temperature,Wave height,High tide level (yesterday),Wave period (5 days ago),Tidal range,increasing risk,increasing risk,increasing risk,decreasing risk,increasing risk,decreasing risk,decreasing risk,increasing risk,increasing risk,increasing risk,increasing risk,decreasing risk,increasing risk,increasing risk,decreasing risk,0.0,0.0,16.0,25.5,11.5,22.8,0.8,1.75,1.0,low,,2026-09-26,0.4572,Safe,20,20 MPN/100mL,Hours since high tide,Seasonal pattern,Rainfall today,41.0,3,"There's been no rain at all lately, so there's no runoff driving contamination, and strong summer sunlight is helping disinfect the water. The model's main signals right now: hours since high tide is raising risk — the timing relative to high tide affects how concentrated bacteria are at the shoreline; seasonal pattern is raising risk — seasonal patterns (wet winters vs dry summers) set the baseline risk; and no rain has fallen, so nothing is washing off the land into the surf. The most recent sample, 3 days ago, was clean at 41 MPN/100mL.",2-day cumulative rainfall,Wave height (2 days ago),Yesterday rainfall,Tidal range,Solar radiation today,Onshore wave energy (2 days ago),Solar radiation (1 day ago),Wave height,Wave period (5 days ago),Lunar cycle,Overnight low temperature,Onshore wave energy (3 days ago),increasing risk,increasing risk,decreasing risk,decreasing risk,increasing risk,decreasing risk,decreasing risk,increasing risk,increasing risk,increasing risk,decreasing risk,increasing risk,increasing risk,increasing risk,increasing risk,0.0,0.0,16.0,25.3,21.0,22.8,0.8,1.58,0.0,,,2026-09-25,0.2103,Safe,5,<10 MPN/100mL,Solar radiation (1 day ago),High tide level,Seasonal pattern,5.0,4,"There's been no rain at all lately, so there's no runoff driving contamination, and strong summer sunlight is helping disinfect the water. The model's main signals right now: limited sunlight is raising risk (less UV to disinfect the water); high tide level is lowering risk — a high tide can mobilize bacteria held in wet sand and push the waterline toward outfalls; and seasonal pattern is raising risk — seasonal patterns (wet winters vs dry summers) set the baseline risk. The most recent sample, 4 days ago, was excellent at 5 MPN/100mL.",2-day cumulative rainfall,Rainfall today,Yesterday rainfall,Solar radiation today,Onshore wave energy (2 days ago),Rain and high tide combination,Hours since high tide,Tidal range,River discharge (2 days ago),14-day cumulative rainfall,River discharge (1 day ago),Overnight low temperature,increasing risk,decreasing risk,increasing risk,decreasing risk,decreasing risk,decreasing risk,increasing risk,increasing risk,decreasing risk,decreasing risk,decreasing risk,increasing risk,decreasing risk,increasing risk,increasing risk,0.0,0.0,18.0,23.4,11.0,22.8,0.8,1.6,1.0,,
DHS116,"DHS116-Redondo Beach, Los Angeles",33.8321,-118.391,2026-09-27,0.5105,Unsafe,20,20 MPN/100mL,Hours since high tide,Seasonal pattern,High tide level,10.0,6,"There's been no rain at all lately, so there's no runoff driving contamination, and strong summer sunlight is helping disinfect the water. The model's main signals right now: hours since high tide is raising risk — the timing relative to high tide affects how concentrated bacteria are at the shoreline; seasonal pattern is raising risk — seasonal patterns (wet winters vs dry summers) set the baseline risk; and high tide level is raising risk — a high tide can mobilize bacteria held in wet sand and push the waterline toward outfalls. The most recent sample, 6 days ago, was excellent at 10 MPN/100mL.",Rainfall today,Solar radiation today,2-day cumulative rainfall,Overnight low temperature,Yesterday rainfall,Average wave period,Wave height,Alongshore wave energy (2 days ago),High tide level (yesterday),Wind gusts,Wave period (5 days ago),Onshore wave energy today,increasing risk,increasing risk,increasing risk,decreasing risk,increasing risk,decreasing risk,increasing risk,decreasing risk,increasing risk,decreasing risk,increasing risk,increasing risk,increasing risk,increasing risk,increasing risk,0.0,0.0,16.0,25.4,11.8,22.8,0.8,1.75,1.0,low,,2026-09-26,0.5277,Unsafe,20,20 MPN/100mL,Hours since high tide,Seasonal pattern,Rainfall today,10.0,5,"There's been no rain at all lately, so there's no runoff driving contamination, and strong summer sunlight is helping disinfect the water. The model's main signals right now: hours since high tide is raising risk — the timing relative to high tide affects how concentrated bacteria are at the shoreline; seasonal pattern is raising risk — seasonal patterns (wet winters vs dry summers) set the baseline risk; and no rain has fallen, so nothing is washing off the land into the surf. The most recent sample, 5 days ago, was excellent at 10 MPN/100mL.",High tide level,2-day cumulative rainfall,Overnight low temperature,Solar radiation today,Solar radiation (1 day ago),Tidal range,Yesterday rainfall,Average wave period,Wave height,Lunar cycle,Wind gusts,River discharge (2 days ago),increasing risk,increasing risk,decreasing risk,increasing risk,decreasing risk,increasing risk,increasing risk,increasing risk,decreasing risk,decreasing risk,increasing risk,decreasing risk,increasing risk,increasing risk,increasing risk,0.0,0.0,17.0,25.2,20.9,22.8,0.8,1.58,0.0,,,2026-09-25,0.4387,Safe,10,10 MPN/100mL,Seasonal pattern,Rainfall today,2-day cumulative rainfall,10.0,4,"There's been no rain at all lately, so there's no runoff driving contamination, and strong summer sunlight is helping disinfect the water. The model's main signals right now: seasonal pattern is raising risk — seasonal patterns (wet winters vs dry summers) set the baseline risk; no rain has fallen, so nothing is washing off the land into the surf; and limited sunlight is raising risk (less UV to disinfect the water). The most recent sample, 4 days ago, was excellent at 10 MPN/100mL.",Solar radiation today,Yesterday rainfall,Hours since high tide,Solar radiation (1 day ago),Tidal range,Average wave period,Overnight low temperature,River discharge (1 day ago),River discharge (4 days ago),High tide level,River discharge (2 days ago),Wave height (2 days ago),increasing risk,decreasing risk,decreasing risk,increasing risk,decreasing risk,increasing risk,increasing risk,decreasing risk,increasing risk,increasing risk,increasing risk,increasing risk,decreasing risk,increasing risk,increasing risk,0.0,0.0,18.0,22.5,9.1,22.8,0.8,1.6,1.0,,
