StationCode,StationName,Latitude,Longitude,prediction_date,exc_probability,prediction,estimated_mpn,mpn_label,regression_mpn,regression_label,top_factor_1,top_factor_2,top_factor_3,top_factor_4,top_factor_5,top_factor_6,top_factor_7,top_factor_8,top_factor_9,top_factor_10,top_factor_11,top_factor_12,top_factor_13,top_factor_14,top_factor_15,shap_direction_1,shap_direction_2,shap_direction_3,shap_direction_4,shap_direction_5,shap_direction_6,shap_direction_7,shap_direction_8,shap_direction_9,shap_direction_10,shap_direction_11,shap_direction_12,shap_direction_13,shap_direction_14,shap_direction_15,rain_today_mm,rain_prior3d_mm,wind_kph,air_temp_c,solar_mj,water_temp_c,wave_height_m,tide_range_m,spring_tide,river_flow,cso_dist_km,last_result,last_exc,exc_rolling3,days_since_sample,lograin1,tide_sample,exceedance_rate_pct,fib_capped,precip,rain_3d,month,insight
0,"0-Huntington State Beach, Orange",33.6293,-117.96,2026-10-06,0.2186,Safe,5,<10 MPN/100mL,,,High tide timing,2-day cumulative rainfall,Wave height (2 days ago),Rainfall today,Daytime high temperature,High tide level,Onshore wave energy (2 days ago),Yesterday rainfall,Onshore wave energy (3 days ago),Water temperature,Solar radiation today,Seasonal pattern,Air temperature (2 days ago),Tidal range,Rain and high tide combination,decreasing risk,decreasing risk,increasing risk,decreasing risk,decreasing risk,decreasing risk,increasing risk,decreasing risk,increasing risk,increasing risk,increasing risk,increasing risk,increasing risk,decreasing risk,decreasing risk,0.0,0.0,14.0,30.2,19.5,23.0,0.86,1.75,0.0,low,,40.0,0,0.0,62,0.0,0.848,5.6,True,0.0,0.0,10,"There's been no rain at all lately, so stormwater runoff isn't a factor right now. The model's main signals right now: high tide timing is lowering risk — how long before mid-morning the last high tide fell, which sets how much the water has just washed off the upper beach; no rain has fallen, so nothing is washing off the land into the surf; and wave height is raising risk — bigger waves stir up the seabed and resuspend sediment-bound bacteria. There's no recent lab sample to anchor this (the last was 62 days ago), so the estimate is based entirely on current environmental conditions."
13000,"13000-Surfers Point at Seaside, Ventura",34.273,-119.305,2026-10-06,0.1573,Safe,5,<10 MPN/100mL,,,High tide timing,2-day cumulative rainfall,Rainfall today,High tide level,Daytime high temperature,Yesterday rainfall,Seasonal pattern,Onshore wave energy (2 days ago),Wave height (2 days ago),Solar radiation today,Air temperature (2 days ago),Rain and high tide combination,Onshore wave energy (3 days ago),Onshore wave energy (1 day ago),Overnight low temperature,decreasing risk,decreasing risk,decreasing risk,decreasing risk,decreasing risk,decreasing risk,increasing risk,increasing risk,increasing risk,increasing risk,increasing risk,decreasing risk,increasing risk,increasing risk,increasing risk,0.0,0.0,20.0,29.3,19.3,23.1,0.8,1.74,0.0,moderate,,5.0,0,0.0,8,0.0,0.931,5.5,False,0.0,0.0,10,"There's been no rain at all lately, so stormwater runoff isn't a factor right now. The model's main signals right now: high tide timing is lowering risk — how long before mid-morning the last high tide fell, which sets how much the water has just washed off the upper beach; no rain has fallen, so nothing is washing off the land into the surf; and high tide level is lowering risk — a high tide can mobilize bacteria held in wet sand and push the waterline toward outfalls. The last lab sample (5 MPN/100mL) is now 8 days old — beaches are sampled about weekly, so a reading this stale carries little weight, and this estimate leans on current conditions."
BNB05,"BNB05-Newport Bay, Orange",33.613,-117.908,2026-10-06,0.2137,Safe,5,<10 MPN/100mL,,,High tide timing,Daytime high temperature,2-day cumulative rainfall,Rainfall today,Wave height (2 days ago),High tide level,Yesterday rainfall,Onshore wave energy (2 days ago),Onshore wave energy (3 days ago),Air temperature (4 days ago),Air temperature (2 days ago),Solar radiation today,Tidal range,Seasonal pattern,Mean wave direction,decreasing risk,decreasing risk,decreasing risk,decreasing risk,increasing risk,decreasing risk,decreasing risk,increasing risk,increasing risk,increasing risk,increasing risk,increasing risk,decreasing risk,increasing risk,increasing risk,0.0,0.0,13.0,31.7,19.6,23.0,0.86,1.75,0.0,low,,1.0,0,0.0,71,0.0,0.848,5.7,True,0.0,0.0,10,"There's been no rain at all lately, so stormwater runoff isn't a factor right now. The model's main signals right now: high tide timing is lowering risk — how long before mid-morning the last high tide fell, which sets how much the water has just washed off the upper beach; no rain has fallen, so nothing is washing off the land into the surf; and wave height is raising risk — bigger waves stir up the seabed and resuspend sediment-bound bacteria. There's no recent lab sample to anchor this (the last was 71 days ago), so the estimate is based entirely on current environmental conditions."
CSD_S8,City of San Diego Station S8,32.6368,-117.144,2026-10-06,0.2586,Safe,9,<10 MPN/100mL,,,High tide timing,Daytime high temperature,Rainfall today,2-day cumulative rainfall,Onshore wave energy (2 days ago),Solar radiation today,Yesterday rainfall,Air temperature (2 days ago),Wave height (2 days ago),Air temperature (4 days ago),Seasonal pattern,High tide level,Onshore wave energy (3 days ago),Water temperature,Onshore wind (3 days ago),decreasing risk,decreasing risk,decreasing risk,decreasing risk,increasing risk,increasing risk,decreasing risk,increasing risk,increasing risk,increasing risk,increasing risk,increasing risk,increasing risk,increasing risk,decreasing risk,0.0,0.0,18.0,36.4,20.3,23.7,0.78,1.85,0.0,low,,1.0,0,0.0,281,0.0,0.89,4.3,True,0.0,0.0,10,"There's been no rain at all lately, so stormwater runoff isn't a factor right now. The model's main signals right now: high tide timing is lowering risk — how long before mid-morning the last high tide fell, which sets how much the water has just washed off the upper beach; no rain has fallen, so nothing is washing off the land into the surf; and onshore wave energy is raising risk — onshore wave energy drives water — and any plume — toward the beach. There's no recent lab sample to anchor this (the last was 281 days ago), so the estimate is based entirely on current environmental conditions. It's a naturally clean, well-flushed open-coast beach (unsafe only ~4% of the time), so outside of storms it's reliably safe."
DHS103,"DHS103-Will Rogers State Beach, Los Angeles",34.0348,-118.536,2026-10-06,0.2665,Safe,9,<10 MPN/100mL,,,High tide timing,Daytime high temperature,Rainfall today,Seasonal pattern,2-day cumulative rainfall,Solar radiation today,Yesterday rainfall,Air temperature (2 days ago),Wave height (2 days ago),Air temperature,Tidal range (yesterday),Rain and high tide combination,Wave height (1 day ago),High river flow,Onshore wave energy (3 days ago),decreasing risk,decreasing risk,decreasing risk,increasing risk,decreasing risk,increasing risk,decreasing risk,increasing risk,increasing risk,decreasing risk,increasing risk,decreasing risk,increasing risk,decreasing risk,increasing risk,0.0,0.0,16.0,32.4,19.5,23.1,0.8,1.76,0.0,low,,20.0,0,0.0,8,0.0,0.873,6.6,False,0.0,0.0,10,"There's been no rain at all lately, so stormwater runoff isn't a factor right now. The model's main signals right now: high tide timing is lowering risk — how long before mid-morning the last high tide fell, which sets how much the water has just washed off the upper beach; no rain has fallen, so nothing is washing off the land into the surf; and seasonal pattern is raising risk — seasonal patterns (wet winters vs dry summers) set the baseline risk. The last lab sample (20 MPN/100mL) is now 8 days old — beaches are sampled about weekly, so a reading this stale carries little weight, and this estimate leans on current conditions."
DHS104,"DHS104-Santa Monica State Beach, Los Angeles",34.02,-118.51,2026-10-06,0.1658,Safe,5,<10 MPN/100mL,,,High tide timing,Daytime high temperature,Rainfall today,2-day cumulative rainfall,Seasonal pattern,High tide level,Yesterday rainfall,Air temperature,Solar radiation today,Air temperature (2 days ago),Wave height (2 days ago),Water temperature,Rain and high tide combination,Tidal range,Onshore wave energy (2 days ago),decreasing risk,decreasing risk,decreasing risk,decreasing risk,increasing risk,decreasing risk,decreasing risk,decreasing risk,increasing risk,increasing risk,increasing risk,increasing risk,decreasing risk,decreasing risk,increasing risk,0.0,0.0,18.0,32.2,19.5,23.1,0.8,1.76,0.0,low,,31.0,0,0.0,8,0.0,0.873,7.8,False,0.0,0.0,10,"There's been no rain at all lately, so stormwater runoff isn't a factor right now. The model's main signals right now: high tide timing is lowering risk — how long before mid-morning the last high tide fell, which sets how much the water has just washed off the upper beach; no rain has fallen, so nothing is washing off the land into the surf; and seasonal pattern is raising risk — seasonal patterns (wet winters vs dry summers) set the baseline risk. The last lab sample (31 MPN/100mL) is now 8 days old — beaches are sampled about weekly, so a reading this stale carries little weight, and this estimate leans on current conditions."
DHS110,"DHS110-Dockweiler State Beach, Los Angeles",33.9406,-118.442,2026-10-06,0.1949,Safe,5,<10 MPN/100mL,,,High tide timing,Rainfall today,2-day cumulative rainfall,Daytime high temperature,Wave height (2 days ago),Yesterday rainfall,Solar radiation today,Seasonal pattern,Air temperature (2 days ago),Onshore wave energy (3 days ago),Mean wave direction,Tidal range (yesterday),High tide level,Rain and high tide combination,Onshore wave energy (2 days ago),decreasing risk,decreasing risk,decreasing risk,decreasing risk,increasing risk,decreasing risk,increasing risk,increasing risk,increasing risk,increasing risk,increasing risk,increasing risk,decreasing risk,decreasing risk,increasing risk,0.0,0.0,19.0,32.9,19.5,23.1,0.8,1.76,0.0,low,,10.0,0,0.0,8,0.0,0.873,5.2,False,0.0,0.0,10,"There's been no rain at all lately, so stormwater runoff isn't a factor right now. The model's main signals right now: high tide timing is lowering risk — how long before mid-morning the last high tide fell, which sets how much the water has just washed off the upper beach; no rain has fallen, so nothing is washing off the land into the surf; and wave height is raising risk — bigger waves stir up the seabed and resuspend sediment-bound bacteria. The last lab sample (10 MPN/100mL) is now 8 days old — beaches are sampled about weekly, so a reading this stale carries little weight, and this estimate leans on current conditions."
DHS111,"DHS111-Dockweiler State Beach, Los Angeles",33.9233,-118.433,2026-10-06,0.1557,Safe,5,<10 MPN/100mL,,,High tide timing,Rainfall today,2-day cumulative rainfall,Daytime high temperature,High tide level,Yesterday rainfall,Wave height (2 days ago),Air temperature (2 days ago),Onshore wave energy (2 days ago),Seasonal pattern,Solar radiation today,Onshore wave energy (3 days ago),Mean wave direction,Alongshore wind (3 days ago),Onshore wave energy (1 day ago),decreasing risk,decreasing risk,decreasing risk,decreasing risk,decreasing risk,decreasing risk,increasing risk,increasing risk,increasing risk,increasing risk,increasing risk,increasing risk,increasing risk,increasing risk,increasing risk,0.0,0.0,14.0,31.1,19.5,23.1,0.8,1.76,0.0,low,,10.0,0,0.0,8,0.0,0.873,3.4,False,0.0,0.0,10,"There's been no rain at all lately, so stormwater runoff isn't a factor right now. The model's main signals right now: high tide timing is lowering risk — how long before mid-morning the last high tide fell, which sets how much the water has just washed off the upper beach; no rain has fallen, so nothing is washing off the land into the surf; and high tide level is lowering risk — a high tide can mobilize bacteria held in wet sand and push the waterline toward outfalls. The last lab sample (10 MPN/100mL) is now 8 days old — beaches are sampled about weekly, so a reading this stale carries little weight, and this estimate leans on current conditions. It's a naturally clean, well-flushed open-coast beach (unsafe only ~3% of the time), so outside of storms it's reliably safe."
DHS112,"DHS112-Dockweiler State Beach, Los Angeles",33.9159,-118.429,2026-10-06,0.1608,Safe,5,<10 MPN/100mL,,,High tide timing,Daytime high temperature,Rainfall today,2-day cumulative rainfall,High tide level,Yesterday rainfall,Air temperature (2 days ago),Seasonal pattern,Solar radiation today,Alongshore wind (3 days ago),Mean wave direction,Wave height (2 days ago),Rain and high tide combination,Tidal range,Onshore wave energy (2 days ago),decreasing risk,decreasing risk,decreasing risk,decreasing risk,decreasing risk,decreasing risk,increasing risk,increasing risk,increasing risk,increasing risk,increasing risk,increasing risk,decreasing risk,decreasing risk,increasing risk,0.0,0.0,14.0,31.0,19.5,23.1,0.8,1.76,0.0,low,,5.0,0,0.0,8,0.0,0.873,5.3,False,0.0,0.0,10,"There's been no rain at all lately, so stormwater runoff isn't a factor right now. The model's main signals right now: high tide timing is lowering risk — how long before mid-morning the last high tide fell, which sets how much the water has just washed off the upper beach; no rain has fallen, so nothing is washing off the land into the surf; and high tide level is lowering risk — a high tide can mobilize bacteria held in wet sand and push the waterline toward outfalls. The last lab sample (5 MPN/100mL) is now 8 days old — beaches are sampled about weekly, so a reading this stale carries little weight, and this estimate leans on current conditions."
DHS112B,"DHS112B-Dockweiler State Beach, Los Angeles",33.9153,-118.43,2026-10-06,0.1637,Safe,5,<10 MPN/100mL,,,High tide timing,Daytime high temperature,Rainfall today,2-day cumulative rainfall,High tide level,Yesterday rainfall,Air temperature (2 days ago),Seasonal pattern,Solar radiation today,Alongshore wind (3 days ago),Mean wave direction,Wave height (2 days ago),Rain and high tide combination,Onshore wave energy (2 days ago),Tidal range,decreasing risk,decreasing risk,decreasing risk,decreasing risk,decreasing risk,decreasing risk,increasing risk,increasing risk,increasing risk,increasing risk,increasing risk,increasing risk,decreasing risk,increasing risk,decreasing risk,0.0,0.0,14.0,31.1,19.5,23.1,0.8,1.76,0.0,low,,5.0,0,0.0,8,0.0,0.873,3.4,False,0.0,0.0,10,"There's been no rain at all lately, so stormwater runoff isn't a factor right now. The model's main signals right now: high tide timing is lowering risk — how long before mid-morning the last high tide fell, which sets how much the water has just washed off the upper beach; no rain has fallen, so nothing is washing off the land into the surf; and high tide level is lowering risk — a high tide can mobilize bacteria held in wet sand and push the waterline toward outfalls. The last lab sample (5 MPN/100mL) is now 8 days old — beaches are sampled about weekly, so a reading this stale carries little weight, and this estimate leans on current conditions. It's a naturally clean, well-flushed open-coast beach (unsafe only ~3% of the time), so outside of storms it's reliably safe."
DHS113,"DHS113-Manhattan Beach, Los Angeles",33.8945,-118.418,2026-10-06,0.1857,Safe,5,<10 MPN/100mL,,,High tide timing,Daytime high temperature,Rainfall today,2-day cumulative rainfall,Air temperature (2 days ago),Yesterday rainfall,Seasonal pattern,Solar radiation today,High tide level,Air temperature (1 day ago),Wave height (2 days ago),Onshore wave energy today,Alongshore wind (3 days ago),Rain and high tide combination,Onshore wave energy (2 days ago),decreasing risk,decreasing risk,decreasing risk,decreasing risk,increasing risk,decreasing risk,increasing risk,increasing risk,decreasing risk,decreasing risk,increasing risk,increasing risk,increasing risk,decreasing risk,increasing risk,0.0,0.0,14.0,31.0,19.5,23.1,0.8,1.76,0.0,low,,5.0,0,0.0,7,0.0,0.873,9.2,False,0.0,0.0,10,"There's been no rain at all lately, so stormwater runoff isn't a factor right now. The model's main signals right now: high tide timing is lowering risk — how long before mid-morning the last high tide fell, which sets how much the water has just washed off the upper beach; no rain has fallen, so nothing is washing off the land into the surf; and seasonal pattern is raising risk — seasonal patterns (wet winters vs dry summers) set the baseline risk. The most recent sample, 7 days ago, was excellent at 5 MPN/100mL."
DHS114,"DHS114-Hermosa Beach, Los Angeles",33.8715,-118.407,2026-10-06,0.2151,Safe,5,<10 MPN/100mL,,,High tide timing,Daytime high temperature,Rainfall today,2-day cumulative rainfall,Seasonal pattern,Air temperature (1 day ago),Solar radiation today,Yesterday rainfall,Air temperature (2 days ago),Wave height (2 days ago),Average wave period,Onshore wave energy today,Air temperature,Wind gusts,High river flow,decreasing risk,decreasing risk,decreasing risk,decreasing risk,increasing risk,decreasing risk,increasing risk,decreasing risk,increasing risk,increasing risk,decreasing risk,increasing risk,decreasing risk,decreasing risk,decreasing risk,0.0,0.0,16.0,33.3,19.5,23.1,0.8,1.78,0.0,low,,10.0,0,0.0,8,0.0,0.875,2.8,False,0.0,0.0,10,"There's been no rain at all lately, so stormwater runoff isn't a factor right now. The model's main signals right now: high tide timing is lowering risk — how long before mid-morning the last high tide fell, which sets how much the water has just washed off the upper beach; no rain has fallen, so nothing is washing off the land into the surf; and seasonal pattern is raising risk — seasonal patterns (wet winters vs dry summers) set the baseline risk. The last lab sample (10 MPN/100mL) is now 8 days old — beaches are sampled about weekly, so a reading this stale carries little weight, and this estimate leans on current conditions. It's a naturally clean, well-flushed open-coast beach (unsafe only ~3% of the time), so outside of storms it's reliably safe."
DHS115,"DHS115-Hermosa Beach, Los Angeles",33.8522,-118.399,2026-10-06,0.1623,Safe,5,<10 MPN/100mL,,,High tide timing,Daytime high temperature,Rainfall today,2-day cumulative rainfall,Seasonal pattern,Yesterday rainfall,Solar radiation today,Air temperature (2 days ago),Wave height (2 days ago),Onshore wave energy (2 days ago),Rain and high tide combination,Tidal range,Onshore wave energy today,Wind gusts,Mean wave direction,decreasing risk,decreasing risk,decreasing risk,decreasing risk,increasing risk,decreasing risk,increasing risk,increasing risk,increasing risk,increasing risk,decreasing risk,decreasing risk,increasing risk,decreasing risk,increasing risk,0.0,0.0,16.0,32.8,19.5,23.1,0.8,1.78,0.0,low,,51.0,0,0.0,7,0.0,0.875,8.9,False,0.0,0.0,10,"There's been no rain at all lately, so stormwater runoff isn't a factor right now. The model's main signals right now: high tide timing is lowering risk — how long before mid-morning the last high tide fell, which sets how much the water has just washed off the upper beach; no rain has fallen, so nothing is washing off the land into the surf; and seasonal pattern is raising risk — seasonal patterns (wet winters vs dry summers) set the baseline risk. The most recent sample, 7 days ago, was clean at 51 MPN/100mL."
DHS116,"DHS116-Redondo Beach, Los Angeles",33.8321,-118.391,2026-10-06,0.232,Safe,5,<10 MPN/100mL,,,High tide timing,Daytime high temperature,Rainfall today,2-day cumulative rainfall,Solar radiation today,Seasonal pattern,Air temperature (1 day ago),Yesterday rainfall,Air temperature (2 days ago),Wave height (2 days ago),Onshore wave energy today,High tide level,Rain and high tide combination,High river flow,Overnight low temperature,decreasing risk,decreasing risk,decreasing risk,decreasing risk,increasing risk,increasing risk,decreasing risk,decreasing risk,increasing risk,increasing risk,increasing risk,increasing risk,decreasing risk,decreasing risk,increasing risk,0.0,0.0,16.0,32.1,19.5,23.1,0.8,1.78,0.0,low,,5.0,0,0.0,8,0.0,0.875,6.1,False,0.0,0.0,10,"There's been no rain at all lately, so stormwater runoff isn't a factor right now. The model's main signals right now: high tide timing is lowering risk — how long before mid-morning the last high tide fell, which sets how much the water has just washed off the upper beach; no rain has fallen, so nothing is washing off the land into the surf; and limited sunlight is raising risk (less UV to disinfect the water). The last lab sample (5 MPN/100mL) is now 8 days old — beaches are sampled about weekly, so a reading this stale carries little weight, and this estimate leans on current conditions."
DPH 002B,DPH 002B,34.0368898,-118.676899,2026-10-06,0.1783,Safe,5,<10 MPN/100mL,,,High tide timing,2-day cumulative rainfall,Rainfall today,High tide level,Daytime high temperature,Seasonal pattern,Onshore wave energy (2 days ago),Yesterday rainfall,Wave height (2 days ago),Solar radiation today,Air temperature (4 days ago),Air temperature (2 days ago),Rain and high tide combination,Onshore wave energy (1 day ago),Onshore wave energy (3 days ago),decreasing risk,decreasing risk,decreasing risk,decreasing risk,decreasing risk,increasing risk,increasing risk,decreasing risk,increasing risk,increasing risk,increasing risk,increasing risk,decreasing risk,increasing risk,increasing risk,0.0,0.0,24.0,34.2,19.5,23.1,0.8,1.76,0.0,low,,5.0,0,0.0,14,0.0,0.873,6.6,False,0.0,0.0,10,"There's been no rain at all lately, so stormwater runoff isn't a factor right now. The model's main signals right now: high tide timing is lowering risk — how long before mid-morning the last high tide fell, which sets how much the water has just washed off the upper beach; no rain has fallen, so nothing is washing off the land into the surf; and high tide level is lowering risk — a high tide can mobilize bacteria held in wet sand and push the waterline toward outfalls. The last lab sample (5 MPN/100mL) is now 14 days old — beaches are sampled about weekly, so a reading this stale carries little weight, and this estimate leans on current conditions."
DPH 122,DPH 122,33.9611547,-118.4562179,2026-10-06,0.1516,Safe,5,<10 MPN/100mL,,,High tide timing,Rainfall today,2-day cumulative rainfall,High tide level,Daytime high temperature,Yesterday rainfall,Onshore wave energy (2 days ago),Wave height (2 days ago),Seasonal pattern,Onshore wave energy (3 days ago),Air temperature (2 days ago),Solar radiation today,Overnight low temperature,Rain and high tide combination,Onshore wave energy (1 day ago),decreasing risk,decreasing risk,decreasing risk,decreasing risk,decreasing risk,decreasing risk,increasing risk,increasing risk,increasing risk,increasing risk,increasing risk,increasing risk,increasing risk,decreasing risk,increasing risk,0.0,0.0,18.0,33.4,19.5,23.1,0.8,1.76,0.0,low,,20.0,0,0.0,8,0.0,0.873,6.0,False,0.0,0.0,10,"There's been no rain at all lately, so stormwater runoff isn't a factor right now. The model's main signals right now: high tide timing is lowering risk — how long before mid-morning the last high tide fell, which sets how much the water has just washed off the upper beach; no rain has fallen, so nothing is washing off the land into the surf; and high tide level is lowering risk — a high tide can mobilize bacteria held in wet sand and push the waterline toward outfalls. The last lab sample (20 MPN/100mL) is now 8 days old — beaches are sampled about weekly, so a reading this stale carries little weight, and this estimate leans on current conditions."
DSB4Z,Doheny State Beach Drain 4 Point Zero,33.4601855299999,-117.677785099999,2026-10-06,0.2108,Safe,5,<10 MPN/100mL,,,High tide timing,Daytime high temperature,2-day cumulative rainfall,Wave height (2 days ago),Rainfall today,High tide level,Yesterday rainfall,Onshore wave energy (2 days ago),Seasonal pattern,Air temperature (2 days ago),Solar radiation today,Air temperature (4 days ago),Onshore wave energy (3 days ago),Onshore wind (3 days ago),Tidal range,decreasing risk,decreasing risk,decreasing risk,increasing risk,decreasing risk,decreasing risk,decreasing risk,increasing risk,increasing risk,increasing risk,increasing risk,increasing risk,increasing risk,decreasing risk,decreasing risk,0.0,0.0,12.0,33.8,19.8,23.4,0.75,1.75,0.0,low,,1.0,0,0.0,70,0.0,0.848,6.7,True,0.0,0.0,10,"There's been no rain at all lately, so stormwater runoff isn't a factor right now. The model's main signals right now: high tide timing is lowering risk — how long before mid-morning the last high tide fell, which sets how much the water has just washed off the upper beach; no rain has fallen, so nothing is washing off the land into the surf; and wave height is raising risk — bigger waves stir up the seabed and resuspend sediment-bound bacteria. There's no recent lab sample to anchor this (the last was 70 days ago), so the estimate is based entirely on current environmental conditions."
Francis State Beach,"Francis State Beach-Francis State Beach, San Mateo",37.4672,-122.447,2026-10-06,0.1937,Safe,5,<10 MPN/100mL,,,High tide timing,Seasonal pattern,2-day cumulative rainfall,Rainfall today,Solar radiation (1 day ago),Solar radiation today,Yesterday rainfall,High tide level,Onshore wave energy (2 days ago),Mean wave direction,Tidal range,Onshore wave energy (3 days ago),Higher waves,Rain and high tide combination,Onshore wave energy today,decreasing risk,increasing risk,decreasing risk,decreasing risk,increasing risk,increasing risk,decreasing risk,decreasing risk,increasing risk,increasing risk,decreasing risk,increasing risk,increasing risk,decreasing risk,increasing risk,0.0,0.0,10.0,18.6,14.5,13.8,1.12,1.72,0.0,low,,5.0,0,0.0,8,0.0,1.462,7.7,False,0.0,0.0,10,"There's been no rain at all lately, so stormwater runoff isn't a factor right now. The model's main signals right now: high tide timing is lowering risk — how long before mid-morning the last high tide fell, which sets how much the water has just washed off the upper beach; seasonal pattern is raising risk — seasonal patterns (wet winters vs dry summers) set the baseline risk; and no rain has fallen, so nothing is washing off the land into the surf. The last lab sample (5 MPN/100mL) is now 8 days old — beaches are sampled about weekly, so a reading this stale carries little weight, and this estimate leans on current conditions."
O490,"O490-Cowell Beach, Santa Cruz",36.9618,-122.023,2026-10-06,0.2059,Safe,5,<10 MPN/100mL,,,High tide timing,High tide level,Rainfall today,Average wave period,Wave height (2 days ago),2-day cumulative rainfall,Seasonal pattern,Alongshore wind (2 days ago),Yesterday rainfall,Solar radiation today,Wind speed (2 days ago),Alongshore wind today,Wave period (3 days ago),Onshore wave energy today,Water temperature (4 days ago),decreasing risk,decreasing risk,decreasing risk,decreasing risk,increasing risk,decreasing risk,increasing risk,decreasing risk,decreasing risk,increasing risk,decreasing risk,increasing risk,increasing risk,increasing risk,increasing risk,0.0,0.0,20.0,23.9,17.7,,,1.64,0.0,low,,10.0,0,0.0,8,0.0,1.109,11.9,False,0.0,0.0,10,"There's been no rain at all lately, so stormwater runoff isn't a factor right now. The model's main signals right now: high tide timing is lowering risk — how long before mid-morning the last high tide fell, which sets how much the water has just washed off the upper beach; high tide level is lowering risk — a high tide can mobilize bacteria held in wet sand and push the waterline toward outfalls; and no rain has fallen, so nothing is washing off the land into the surf. The last lab sample (10 MPN/100mL) is now 8 days old — beaches are sampled about weekly, so a reading this stale carries little weight, and this estimate leans on current conditions."
OSB04,"OSB04-Seal Beach Surfside, Orange",33.7372,-118.102,2026-10-06,0.2586,Safe,9,<10 MPN/100mL,,,High tide timing,Daytime high temperature,2-day cumulative rainfall,Rainfall today,Wave height (2 days ago),Solar radiation today,Air temperature (2 days ago),Seasonal pattern,Yesterday rainfall,Air temperature (4 days ago),Onshore wave energy (3 days ago),Air temperature,Onshore wave energy (2 days ago),Rain and high tide combination,River discharge (2 days ago),decreasing risk,decreasing risk,decreasing risk,decreasing risk,increasing risk,increasing risk,increasing risk,increasing risk,decreasing risk,increasing risk,increasing risk,decreasing risk,increasing risk,decreasing risk,decreasing risk,0.0,0.0,18.0,34.1,19.6,23.0,0.86,1.78,0.0,low,,6.0,0,0.0,70,0.0,0.875,4.2,True,0.0,0.0,10,"There's been no rain at all lately, so stormwater runoff isn't a factor right now. The model's main signals right now: high tide timing is lowering risk — how long before mid-morning the last high tide fell, which sets how much the water has just washed off the upper beach; no rain has fallen, so nothing is washing off the land into the surf; and wave height is raising risk — bigger waves stir up the seabed and resuspend sediment-bound bacteria. There's no recent lab sample to anchor this (the last was 70 days ago), so the estimate is based entirely on current environmental conditions. It's a naturally clean, well-flushed open-coast beach (unsafe only ~4% of the time), so outside of storms it's reliably safe."
PB5,"PB5-Pismo State Beach, San Luis Obispo",35.141,-120.646,2026-10-06,0.2248,Safe,5,<10 MPN/100mL,,,High tide timing,2-day cumulative rainfall,Rainfall today,Wave height,Seasonal pattern,Yesterday rainfall,Solar radiation today,High tide level,Onshore wave energy (2 days ago),Water temperature (4 days ago),Alongshore wind (3 days ago),Tidal range (yesterday),Onshore wave energy today,14-day cumulative rainfall,Rain and high tide combination,decreasing risk,decreasing risk,decreasing risk,increasing risk,increasing risk,decreasing risk,increasing risk,decreasing risk,increasing risk,increasing risk,increasing risk,increasing risk,increasing risk,decreasing risk,decreasing risk,0.0,0.0,9.0,23.5,18.5,15.4,1.66,1.67,0.0,moderate,,5.0,0,0.0,28,0.0,1.031,4.8,False,0.0,0.0,10,"There's been no rain at all lately, so stormwater runoff isn't a factor right now. The model's main signals right now: high tide timing is lowering risk — how long before mid-morning the last high tide fell, which sets how much the water has just washed off the upper beach; no rain has fallen, so nothing is washing off the land into the surf; and wave height is raising risk — bigger waves stir up the seabed and resuspend sediment-bound bacteria. The last lab sample (5 MPN/100mL) is now 28 days old — beaches are sampled about weekly, so a reading this stale carries little weight, and this estimate leans on current conditions. It's a naturally clean, well-flushed open-coast beach (unsafe only ~5% of the time), so outside of storms it's reliably safe."
SMB-2-10,SMB-2-10,33.95702,-118.45196,2026-10-06,0.2068,Safe,5,<10 MPN/100mL,,,High tide timing,Daytime high temperature,Rainfall today,2-day cumulative rainfall,Solar radiation today,Seasonal pattern,Yesterday rainfall,Air temperature (2 days ago),Wave height (2 days ago),Overnight low temperature,Onshore wave energy today,Rain and high tide combination,Onshore wave energy (3 days ago),Wind gusts,High river flow,decreasing risk,decreasing risk,decreasing risk,decreasing risk,increasing risk,increasing risk,decreasing risk,increasing risk,increasing risk,increasing risk,increasing risk,decreasing risk,increasing risk,decreasing risk,decreasing risk,0.0,0.0,18.0,33.4,19.5,23.1,0.8,1.76,0.0,low,,5.0,0,0.0,7,0.0,0.873,7.3,False,0.0,0.0,10,"There's been no rain at all lately, so stormwater runoff isn't a factor right now. The model's main signals right now: high tide timing is lowering risk — how long before mid-morning the last high tide fell, which sets how much the water has just washed off the upper beach; no rain has fallen, so nothing is washing off the land into the surf; and limited sunlight is raising risk (less UV to disinfect the water). The most recent sample, 7 days ago, was excellent at 5 MPN/100mL."
SMB-2-11,SMB-2-11,33.9444,-118.4442,2026-10-06,0.1492,Safe,5,<10 MPN/100mL,,,High tide timing,Daytime high temperature,Rainfall today,2-day cumulative rainfall,High tide level,Yesterday rainfall,Seasonal pattern,Solar radiation today,Air temperature (2 days ago),Mean wave direction,Wave height (2 days ago),Wind gusts,Alongshore wind (3 days ago),Tidal range,Onshore wave energy (2 days ago),decreasing risk,decreasing risk,decreasing risk,decreasing risk,decreasing risk,decreasing risk,increasing risk,increasing risk,increasing risk,increasing risk,increasing risk,decreasing risk,increasing risk,decreasing risk,increasing risk,0.0,0.0,19.0,32.9,19.5,23.1,0.8,1.76,0.0,low,,10.0,0,0.0,7,0.0,0.873,6.5,False,0.0,0.0,10,"There's been no rain at all lately, so stormwater runoff isn't a factor right now. The model's main signals right now: high tide timing is lowering risk — how long before mid-morning the last high tide fell, which sets how much the water has just washed off the upper beach; no rain has fallen, so nothing is washing off the land into the surf; and high tide level is lowering risk — a high tide can mobilize bacteria held in wet sand and push the waterline toward outfalls. The most recent sample, 7 days ago, was excellent at 10 MPN/100mL."
SMB-2-13,SMB-2-13,33.93071,-118.43711,2026-10-06,0.1492,Safe,5,<10 MPN/100mL,,,High tide timing,Daytime high temperature,Rainfall today,2-day cumulative rainfall,High tide level,Yesterday rainfall,Seasonal pattern,Solar radiation today,Air temperature (2 days ago),Mean wave direction,Wave height (2 days ago),Wind gusts,Alongshore wind (3 days ago),Tidal range,Onshore wave energy (2 days ago),decreasing risk,decreasing risk,decreasing risk,decreasing risk,decreasing risk,decreasing risk,increasing risk,increasing risk,increasing risk,increasing risk,increasing risk,decreasing risk,increasing risk,decreasing risk,increasing risk,0.0,0.0,19.0,32.9,19.5,23.1,0.8,1.76,0.0,low,,5.0,0,0.0,7,0.0,0.873,6.9,False,0.0,0.0,10,"There's been no rain at all lately, so stormwater runoff isn't a factor right now. The model's main signals right now: high tide timing is lowering risk — how long before mid-morning the last high tide fell, which sets how much the water has just washed off the upper beach; no rain has fallen, so nothing is washing off the land into the surf; and high tide level is lowering risk — a high tide can mobilize bacteria held in wet sand and push the waterline toward outfalls. The most recent sample, 7 days ago, was excellent at 5 MPN/100mL."
SMB-3-5,SMB-3-5,33.99662,-118.48488,2026-10-06,0.2412,Safe,8,<10 MPN/100mL,,,High tide timing,Daytime high temperature,Rainfall today,Seasonal pattern,2-day cumulative rainfall,Solar radiation today,Yesterday rainfall,Air temperature (1 day ago),Air temperature (2 days ago),Wave height (2 days ago),Air temperature,Onshore wave energy today,Alongshore wind (2 days ago),Wind gusts,High river flow,decreasing risk,decreasing risk,decreasing risk,increasing risk,decreasing risk,increasing risk,decreasing risk,decreasing risk,increasing risk,increasing risk,decreasing risk,increasing risk,increasing risk,decreasing risk,decreasing risk,0.0,0.0,18.0,32.2,19.5,23.1,0.8,1.76,0.0,low,,5.0,0,0.0,7,0.0,0.873,7.0,False,0.0,0.0,10,"There's been no rain at all lately, so stormwater runoff isn't a factor right now. The model's main signals right now: high tide timing is lowering risk — how long before mid-morning the last high tide fell, which sets how much the water has just washed off the upper beach; no rain has fallen, so nothing is washing off the land into the surf; and seasonal pattern is raising risk — seasonal patterns (wet winters vs dry summers) set the baseline risk. The most recent sample, 7 days ago, was excellent at 5 MPN/100mL."
SMB-3-6,SMB-3-6,33.9935842,-118.4824055,2026-10-06,0.1588,Safe,5,<10 MPN/100mL,,,High tide timing,Rainfall today,2-day cumulative rainfall,High tide level,Daytime high temperature,Onshore wave energy (2 days ago),Yesterday rainfall,Seasonal pattern,Wave height (2 days ago),Onshore wave energy (3 days ago),Solar radiation today,Air temperature (2 days ago),Onshore wave energy (1 day ago),Rain and high tide combination,Water temperature,decreasing risk,decreasing risk,decreasing risk,decreasing risk,decreasing risk,increasing risk,decreasing risk,increasing risk,increasing risk,increasing risk,increasing risk,increasing risk,increasing risk,decreasing risk,increasing risk,0.0,0.0,18.0,32.2,19.5,23.1,0.8,1.76,0.0,low,,310.0,1,0.0,6,0.0,0.873,6.2,False,0.0,0.0,10,"There's been no rain at all lately, so stormwater runoff isn't a factor right now. The model's main signals right now: high tide timing is lowering risk — how long before mid-morning the last high tide fell, which sets how much the water has just washed off the upper beach; no rain has fallen, so nothing is washing off the land into the surf; and high tide level is lowering risk — a high tide can mobilize bacteria held in wet sand and push the waterline toward outfalls. The most recent sample, 6 days ago, was over the limit at 310 MPN/100mL, and bacteria tend to linger from one sample to the next."
SMB-7-9,SMB-7-9,33.70936,-118.28302,2026-10-06,0.2489,Safe,8,<10 MPN/100mL,,,High tide timing,Daytime high temperature,Rainfall today,Seasonal pattern,2-day cumulative rainfall,Air temperature (1 day ago),Wave height (2 days ago),Solar radiation today,Air temperature (2 days ago),Yesterday rainfall,Air temperature,Onshore wave energy (2 days ago),Onshore wave energy today,Wind gusts,Rain and high tide combination,decreasing risk,decreasing risk,decreasing risk,increasing risk,decreasing risk,decreasing risk,increasing risk,increasing risk,increasing risk,decreasing risk,decreasing risk,increasing risk,increasing risk,increasing risk,decreasing risk,0.0,0.0,19.0,35.1,19.5,23.0,0.86,1.78,0.0,low,,10.0,0,0.0,7,0.0,0.875,2.7,False,0.0,0.0,10,"There's been no rain at all lately, so stormwater runoff isn't a factor right now. The model's main signals right now: high tide timing is lowering risk — how long before mid-morning the last high tide fell, which sets how much the water has just washed off the upper beach; no rain has fallen, so nothing is washing off the land into the surf; and seasonal pattern is raising risk — seasonal patterns (wet winters vs dry summers) set the baseline risk. The most recent sample, 7 days ago, was excellent at 10 MPN/100mL. It's a naturally clean, well-flushed open-coast beach (unsafe only ~3% of the time), so outside of storms it's reliably safe."
WP0000037,"WP0000037-Goleta Beach, Santa Barbara",34.4248,-119.829,2026-10-06,0.3166,Safe,10,10 MPN/100mL,,,High tide timing,Daytime high temperature,Rainfall today,Seasonal pattern,2-day cumulative rainfall,Solar radiation today,Yesterday rainfall,Air temperature (2 days ago),Average wave period,Wave height (2 days ago),River discharge (4 days ago),Alongshore wind (3 days ago),Air temperature,River discharge (3 days ago),High tide level,decreasing risk,decreasing risk,decreasing risk,increasing risk,decreasing risk,increasing risk,decreasing risk,increasing risk,decreasing risk,increasing risk,increasing risk,increasing risk,decreasing risk,increasing risk,decreasing risk,0.0,0.0,10.0,31.8,19.4,23.1,0.8,1.74,0.0,moderate,,52.0,0,0.0,8,0.0,0.931,9.6,False,0.0,0.0,10,"There's been no rain at all lately, so stormwater runoff isn't a factor right now. The model's main signals right now: high tide timing is lowering risk — how long before mid-morning the last high tide fell, which sets how much the water has just washed off the upper beach; no rain has fallen, so nothing is washing off the land into the surf; and seasonal pattern is raising risk — seasonal patterns (wet winters vs dry summers) set the baseline risk. The last lab sample (52 MPN/100mL) is now 8 days old — beaches are sampled about weekly, so a reading this stale carries little weight, and this estimate leans on current conditions."
